@!@!@STARTMSG 2262:0 @!@!@
TLC2 Version 2.19 of 08 August 2024 (rev: 5a47802)
@!@!@ENDMSG 2262 @!@!@
@!@!@STARTMSG 2187:0 @!@!@
Running breadth-first search Model-Checking with fp 121 and seed -8093264551739160114 with 8 workers on 16 cores with 1129MB heap and 2537MB offheap memory [pid: 21522] (Linux 6.11.0-26-generic amd64, AdoptOpenJDK 14.0.1 x86_64, OffHeapDiskFPSet, DiskStateQueue).
@!@!@ENDMSG 2187 @!@!@
@!@!@STARTMSG 2220:0 @!@!@
Starting SANY...
@!@!@ENDMSG 2220 @!@!@
Parsing file /home/jabin/Desktop/2nd_semester/tla+/project_first_task/raft.tla/raftModelPerf_JabinTasnimKhanURMY_0245503730.toolbox/Model_1/MC.tla
Parsing file /home/jabin/Desktop/2nd_semester/tla+/project_first_task/raft.tla/raftModelPerf_JabinTasnimKhanURMY_0245503730.toolbox/Model_1/raftModelPerf_JabinTasnimKhanURMY_0245503730.tla
Parsing file /home/jabin/Desktop/2nd_semester/tla+/TLAToolbox-1.7.4-linux.gtk.x86_64/toolbox/plugins/org.lamport.tlatools_1.0.0.202408081326/tla2sany/StandardModules/TLC.tla
Parsing file /home/jabin/Desktop/2nd_semester/tla+/TLAToolbox-1.7.4-linux.gtk.x86_64/toolbox/plugins/org.lamport.tlatools_1.0.0.202408081326/tla2sany/StandardModules/Naturals.tla
Parsing file /home/jabin/Desktop/2nd_semester/tla+/TLAToolbox-1.7.4-linux.gtk.x86_64/toolbox/plugins/org.lamport.tlatools_1.0.0.202408081326/tla2sany/StandardModules/FiniteSets.tla
Parsing file /home/jabin/Desktop/2nd_semester/tla+/TLAToolbox-1.7.4-linux.gtk.x86_64/toolbox/plugins/org.lamport.tlatools_1.0.0.202408081326/tla2sany/StandardModules/Sequences.tla
Semantic processing of module Naturals
Semantic processing of module Sequences
Semantic processing of module FiniteSets
Semantic processing of module TLC
Semantic processing of module raftModelPerf_JabinTasnimKhanURMY_0245503730
Semantic processing of module MC
@!@!@STARTMSG 2219:0 @!@!@
SANY finished.
@!@!@ENDMSG 2219 @!@!@
@!@!@STARTMSG 2185:0 @!@!@
Starting... (2025-05-25 22:09:29)
@!@!@ENDMSG 2185 @!@!@
@!@!@STARTMSG 2189:0 @!@!@
Computing initial states...
@!@!@ENDMSG 2189 @!@!@
@!@!@STARTMSG 2190:0 @!@!@
Finished computing initial states: 1 distinct state generated at 2025-05-25 22:09:29.
@!@!@ENDMSG 2190 @!@!@
@!@!@STARTMSG 2110:1 @!@!@
Invariant EntryCommitMessageCountInv is violated.
@!@!@ENDMSG 2110 @!@!@
@!@!@STARTMSG 2121:1 @!@!@
The behavior up to this point is:
@!@!@ENDMSG 2121 @!@!@
@!@!@STARTMSG 2217:4 @!@!@
1: <Initial predicate>
/\ messages = << >>
/\ switchToServerSentRecord = [r1 |-> {}, r2 |-> {}, r3 |-> {}, r4 |-> {}, r5 |-> {}]
/\ matchIndex = [ r1 |-> [r1 |-> 0, r2 |-> 0, r3 |-> 0, r4 |-> 0, r5 |-> 0],
  r2 |-> [r1 |-> 0, r2 |-> 0, r3 |-> 0, r4 |-> 0, r5 |-> 0],
  r3 |-> [r1 |-> 0, r2 |-> 0, r3 |-> 0, r4 |-> 0, r5 |-> 0],
  r4 |-> [r1 |-> 0, r2 |-> 0, r3 |-> 0, r4 |-> 0, r5 |-> 0],
  r5 |-> [r1 |-> 0, r2 |-> 0, r3 |-> 0, r4 |-> 0, r5 |-> 0] ]
/\ log = [r1 |-> <<>>, r2 |-> <<>>, r3 |-> <<>>, r4 |-> <<>>, r5 |-> <<>>]
/\ state = [r1 |-> Switch, r2 |-> NetAgg, r3 |-> Leader, r4 |-> Follower, r5 |-> Follower]
/\ Servers = {"r3", "r4", "r5"}
/\ netAggRecentSentEntries = << >>
/\ leaderCount = [r1 |-> 0, r2 |-> 1, r3 |-> 0, r4 |-> 0, r5 |-> 0]
/\ entryCommitStats = << >>
/\ unorderedClientRequests = [r1 |-> {}, r2 |-> {}, r3 |-> {}, r4 |-> {}, r5 |-> {}]
/\ commitIndex = [r1 |-> 0, r2 |-> 0, r3 |-> 0, r4 |-> 0, r5 |-> 0]
/\ currentTerm = [r1 |-> 2, r2 |-> 2, r3 |-> 2, r4 |-> 2, r5 |-> 2]
/\ votesResponded = [r1 |-> {}, r2 |-> {}, r3 |-> {"r4", "r5"}, r4 |-> {}, r5 |-> {}]
/\ switchIndex = "r1"
/\ maxc = 0
/\ nextIndex = [ r1 |-> [r1 |-> 1, r2 |-> 1, r3 |-> 1, r4 |-> 1, r5 |-> 1],
  r2 |-> [r1 |-> 1, r2 |-> 1, r3 |-> 1, r4 |-> 1, r5 |-> 1],
  r3 |-> [r1 |-> 1, r2 |-> 1, r3 |-> 1, r4 |-> 1, r5 |-> 1],
  r4 |-> [r1 |-> 1, r2 |-> 1, r3 |-> 1, r4 |-> 1, r5 |-> 1],
  r5 |-> [r1 |-> 1, r2 |-> 1, r3 |-> 1, r4 |-> 1, r5 |-> 1] ]
/\ votesGranted = [r1 |-> {}, r2 |-> {}, r3 |-> {"r4", "r5"}, r4 |-> {}, r5 |-> {}]
/\ switchBuffer = << >>
/\ voterLog = [ r1 |-> <<>>,
  r2 |-> <<>>,
  r3 |-> [r4 |-> <<>>, r5 |-> <<>>],
  r4 |-> <<>>,
  r5 |-> <<>> ]
/\ votedFor = [r1 |-> "r3", r2 |-> "r3", r3 |-> Nil, r4 |-> "r3", r5 |-> "r3"]
/\ netAggPerServerSendIndex = "r2"

@!@!@ENDMSG 2217 @!@!@
@!@!@STARTMSG 2217:4 @!@!@
2: <MyNetAggNext line 703, col 15 to line 703, col 85 of module raftModelPerf_JabinTasnimKhanURMY_0245503730>
/\ messages = << >>
/\ switchToServerSentRecord = [r1 |-> {}, r2 |-> {}, r3 |-> {}, r4 |-> {}, r5 |-> {}]
/\ matchIndex = [ r1 |-> [r1 |-> 0, r2 |-> 0, r3 |-> 0, r4 |-> 0, r5 |-> 0],
  r2 |-> [r1 |-> 0, r2 |-> 0, r3 |-> 0, r4 |-> 0, r5 |-> 0],
  r3 |-> [r1 |-> 0, r2 |-> 0, r3 |-> 0, r4 |-> 0, r5 |-> 0],
  r4 |-> [r1 |-> 0, r2 |-> 0, r3 |-> 0, r4 |-> 0, r5 |-> 0],
  r5 |-> [r1 |-> 0, r2 |-> 0, r3 |-> 0, r4 |-> 0, r5 |-> 0] ]
/\ log = [r1 |-> <<>>, r2 |-> <<>>, r3 |-> <<>>, r4 |-> <<>>, r5 |-> <<>>]
/\ state = [r1 |-> Switch, r2 |-> NetAgg, r3 |-> Leader, r4 |-> Follower, r5 |-> Follower]
/\ Servers = {"r3", "r4", "r5"}
/\ netAggRecentSentEntries = << >>
/\ leaderCount = [r1 |-> 0, r2 |-> 1, r3 |-> 0, r4 |-> 0, r5 |-> 0]
/\ entryCommitStats = << >>
/\ unorderedClientRequests = [r1 |-> {}, r2 |-> {}, r3 |-> {}, r4 |-> {}, r5 |-> {}]
/\ commitIndex = [r1 |-> 0, r2 |-> 0, r3 |-> 0, r4 |-> 0, r5 |-> 0]
/\ currentTerm = [r1 |-> 2, r2 |-> 2, r3 |-> 2, r4 |-> 2, r5 |-> 2]
/\ votesResponded = [r1 |-> {}, r2 |-> {}, r3 |-> {"r4", "r5"}, r4 |-> {}, r5 |-> {}]
/\ switchIndex = "r1"
/\ maxc = 1
/\ nextIndex = [ r1 |-> [r1 |-> 1, r2 |-> 1, r3 |-> 1, r4 |-> 1, r5 |-> 1],
  r2 |-> [r1 |-> 1, r2 |-> 1, r3 |-> 1, r4 |-> 1, r5 |-> 1],
  r3 |-> [r1 |-> 1, r2 |-> 1, r3 |-> 1, r4 |-> 1, r5 |-> 1],
  r4 |-> [r1 |-> 1, r2 |-> 1, r3 |-> 1, r4 |-> 1, r5 |-> 1],
  r5 |-> [r1 |-> 1, r2 |-> 1, r3 |-> 1, r4 |-> 1, r5 |-> 1] ]
/\ votesGranted = [r1 |-> {}, r2 |-> {}, r3 |-> {"r4", "r5"}, r4 |-> {}, r5 |-> {}]
/\ switchBuffer = [v1 |-> [term |-> 2, value |-> "v1", payload |-> "v1"]]
/\ voterLog = [ r1 |-> <<>>,
  r2 |-> <<>>,
  r3 |-> [r4 |-> <<>>, r5 |-> <<>>],
  r4 |-> <<>>,
  r5 |-> <<>> ]
/\ votedFor = [r1 |-> "r3", r2 |-> "r3", r3 |-> Nil, r4 |-> "r3", r5 |-> "r3"]
/\ netAggPerServerSendIndex = "r2"

@!@!@ENDMSG 2217 @!@!@
@!@!@STARTMSG 2217:4 @!@!@
3: <MyNetAggNext line 705, col 15 to line 705, col 93 of module raftModelPerf_JabinTasnimKhanURMY_0245503730>
/\ messages = << >>
/\ switchToServerSentRecord = [r1 |-> {}, r2 |-> {}, r3 |-> {<<"v1", 2>>}, r4 |-> {}, r5 |-> {}]
/\ matchIndex = [ r1 |-> [r1 |-> 0, r2 |-> 0, r3 |-> 0, r4 |-> 0, r5 |-> 0],
  r2 |-> [r1 |-> 0, r2 |-> 0, r3 |-> 0, r4 |-> 0, r5 |-> 0],
  r3 |-> [r1 |-> 0, r2 |-> 0, r3 |-> 0, r4 |-> 0, r5 |-> 0],
  r4 |-> [r1 |-> 0, r2 |-> 0, r3 |-> 0, r4 |-> 0, r5 |-> 0],
  r5 |-> [r1 |-> 0, r2 |-> 0, r3 |-> 0, r4 |-> 0, r5 |-> 0] ]
/\ log = [r1 |-> <<>>, r2 |-> <<>>, r3 |-> <<>>, r4 |-> <<>>, r5 |-> <<>>]
/\ state = [r1 |-> Switch, r2 |-> NetAgg, r3 |-> Leader, r4 |-> Follower, r5 |-> Follower]
/\ Servers = {"r3", "r4", "r5"}
/\ netAggRecentSentEntries = << >>
/\ leaderCount = [r1 |-> 0, r2 |-> 1, r3 |-> 0, r4 |-> 0, r5 |-> 0]
/\ entryCommitStats = << >>
/\ unorderedClientRequests = [r1 |-> {}, r2 |-> {}, r3 |-> {"v1"}, r4 |-> {}, r5 |-> {}]
/\ commitIndex = [r1 |-> 0, r2 |-> 0, r3 |-> 0, r4 |-> 0, r5 |-> 0]
/\ currentTerm = [r1 |-> 2, r2 |-> 2, r3 |-> 2, r4 |-> 2, r5 |-> 2]
/\ votesResponded = [r1 |-> {}, r2 |-> {}, r3 |-> {"r4", "r5"}, r4 |-> {}, r5 |-> {}]
/\ switchIndex = "r1"
/\ maxc = 1
/\ nextIndex = [ r1 |-> [r1 |-> 1, r2 |-> 1, r3 |-> 1, r4 |-> 1, r5 |-> 1],
  r2 |-> [r1 |-> 1, r2 |-> 1, r3 |-> 1, r4 |-> 1, r5 |-> 1],
  r3 |-> [r1 |-> 1, r2 |-> 1, r3 |-> 1, r4 |-> 1, r5 |-> 1],
  r4 |-> [r1 |-> 1, r2 |-> 1, r3 |-> 1, r4 |-> 1, r5 |-> 1],
  r5 |-> [r1 |-> 1, r2 |-> 1, r3 |-> 1, r4 |-> 1, r5 |-> 1] ]
/\ votesGranted = [r1 |-> {}, r2 |-> {}, r3 |-> {"r4", "r5"}, r4 |-> {}, r5 |-> {}]
/\ switchBuffer = [v1 |-> [term |-> 2, value |-> "v1", payload |-> "v1"]]
/\ voterLog = [ r1 |-> <<>>,
  r2 |-> <<>>,
  r3 |-> [r4 |-> <<>>, r5 |-> <<>>],
  r4 |-> <<>>,
  r5 |-> <<>> ]
/\ votedFor = [r1 |-> "r3", r2 |-> "r3", r3 |-> Nil, r4 |-> "r3", r5 |-> "r3"]
/\ netAggPerServerSendIndex = "r2"

@!@!@ENDMSG 2217 @!@!@
@!@!@STARTMSG 2217:4 @!@!@
4: <MyNetAggNext line 705, col 15 to line 705, col 93 of module raftModelPerf_JabinTasnimKhanURMY_0245503730>
/\ messages = << >>
/\ switchToServerSentRecord = [r1 |-> {}, r2 |-> {}, r3 |-> {<<"v1", 2>>}, r4 |-> {}, r5 |-> {<<"v1", 2>>}]
/\ matchIndex = [ r1 |-> [r1 |-> 0, r2 |-> 0, r3 |-> 0, r4 |-> 0, r5 |-> 0],
  r2 |-> [r1 |-> 0, r2 |-> 0, r3 |-> 0, r4 |-> 0, r5 |-> 0],
  r3 |-> [r1 |-> 0, r2 |-> 0, r3 |-> 0, r4 |-> 0, r5 |-> 0],
  r4 |-> [r1 |-> 0, r2 |-> 0, r3 |-> 0, r4 |-> 0, r5 |-> 0],
  r5 |-> [r1 |-> 0, r2 |-> 0, r3 |-> 0, r4 |-> 0, r5 |-> 0] ]
/\ log = [r1 |-> <<>>, r2 |-> <<>>, r3 |-> <<>>, r4 |-> <<>>, r5 |-> <<>>]
/\ state = [r1 |-> Switch, r2 |-> NetAgg, r3 |-> Leader, r4 |-> Follower, r5 |-> Follower]
/\ Servers = {"r3", "r4", "r5"}
/\ netAggRecentSentEntries = << >>
/\ leaderCount = [r1 |-> 0, r2 |-> 1, r3 |-> 0, r4 |-> 0, r5 |-> 0]
/\ entryCommitStats = << >>
/\ unorderedClientRequests = [r1 |-> {}, r2 |-> {}, r3 |-> {"v1"}, r4 |-> {}, r5 |-> {"v1"}]
/\ commitIndex = [r1 |-> 0, r2 |-> 0, r3 |-> 0, r4 |-> 0, r5 |-> 0]
/\ currentTerm = [r1 |-> 2, r2 |-> 2, r3 |-> 2, r4 |-> 2, r5 |-> 2]
/\ votesResponded = [r1 |-> {}, r2 |-> {}, r3 |-> {"r4", "r5"}, r4 |-> {}, r5 |-> {}]
/\ switchIndex = "r1"
/\ maxc = 1
/\ nextIndex = [ r1 |-> [r1 |-> 1, r2 |-> 1, r3 |-> 1, r4 |-> 1, r5 |-> 1],
  r2 |-> [r1 |-> 1, r2 |-> 1, r3 |-> 1, r4 |-> 1, r5 |-> 1],
  r3 |-> [r1 |-> 1, r2 |-> 1, r3 |-> 1, r4 |-> 1, r5 |-> 1],
  r4 |-> [r1 |-> 1, r2 |-> 1, r3 |-> 1, r4 |-> 1, r5 |-> 1],
  r5 |-> [r1 |-> 1, r2 |-> 1, r3 |-> 1, r4 |-> 1, r5 |-> 1] ]
/\ votesGranted = [r1 |-> {}, r2 |-> {}, r3 |-> {"r4", "r5"}, r4 |-> {}, r5 |-> {}]
/\ switchBuffer = [v1 |-> [term |-> 2, value |-> "v1", payload |-> "v1"]]
/\ voterLog = [ r1 |-> <<>>,
  r2 |-> <<>>,
  r3 |-> [r4 |-> <<>>, r5 |-> <<>>],
  r4 |-> <<>>,
  r5 |-> <<>> ]
/\ votedFor = [r1 |-> "r3", r2 |-> "r3", r3 |-> Nil, r4 |-> "r3", r5 |-> "r3"]
/\ netAggPerServerSendIndex = "r2"

@!@!@ENDMSG 2217 @!@!@
@!@!@STARTMSG 2217:4 @!@!@
5: <MyNetAggNext line 707, col 15 to line 707, col 117 of module raftModelPerf_JabinTasnimKhanURMY_0245503730>
/\ messages = ( [ mterm |-> 2,
    mtype |-> AppendEntriesRequest,
    msource |-> "r3",
    mdest |-> "r2",
    mprevLogIndex |-> 0,
    mprevLogTerm |-> 0,
    mentries |-> <<[term |-> 2, value |-> "v1"]>>,
    mcommitIndex |-> 0 ] :>
      1 )
/\ switchToServerSentRecord = [r1 |-> {}, r2 |-> {}, r3 |-> {<<"v1", 2>>}, r4 |-> {}, r5 |-> {<<"v1", 2>>}]
/\ matchIndex = [ r1 |-> [r1 |-> 0, r2 |-> 0, r3 |-> 0, r4 |-> 0, r5 |-> 0],
  r2 |-> [r1 |-> 0, r2 |-> 0, r3 |-> 0, r4 |-> 0, r5 |-> 0],
  r3 |-> [r1 |-> 0, r2 |-> 0, r3 |-> 0, r4 |-> 0, r5 |-> 0],
  r4 |-> [r1 |-> 0, r2 |-> 0, r3 |-> 0, r4 |-> 0, r5 |-> 0],
  r5 |-> [r1 |-> 0, r2 |-> 0, r3 |-> 0, r4 |-> 0, r5 |-> 0] ]
/\ log = [ r1 |-> <<>>,
  r2 |-> <<>>,
  r3 |-> <<[term |-> 2, value |-> "v1", payload |-> "v1"]>>,
  r4 |-> <<>>,
  r5 |-> <<>> ]
/\ state = [r1 |-> Switch, r2 |-> NetAgg, r3 |-> Leader, r4 |-> Follower, r5 |-> Follower]
/\ Servers = {"r3", "r4", "r5"}
/\ netAggRecentSentEntries = << >>
/\ leaderCount = [r1 |-> 0, r2 |-> 1, r3 |-> 0, r4 |-> 0, r5 |-> 0]
/\ entryCommitStats = (<<1, 2>> :> [sentCount |-> 0, ackCount |-> 0, committed |-> FALSE])
/\ unorderedClientRequests = [r1 |-> {}, r2 |-> {}, r3 |-> {}, r4 |-> {}, r5 |-> {"v1"}]
/\ commitIndex = [r1 |-> 0, r2 |-> 0, r3 |-> 0, r4 |-> 0, r5 |-> 0]
/\ currentTerm = [r1 |-> 2, r2 |-> 2, r3 |-> 2, r4 |-> 2, r5 |-> 2]
/\ votesResponded = [r1 |-> {}, r2 |-> {}, r3 |-> {"r4", "r5"}, r4 |-> {}, r5 |-> {}]
/\ switchIndex = "r1"
/\ maxc = 1
/\ nextIndex = [ r1 |-> [r1 |-> 1, r2 |-> 1, r3 |-> 1, r4 |-> 1, r5 |-> 1],
  r2 |-> [r1 |-> 1, r2 |-> 1, r3 |-> 1, r4 |-> 1, r5 |-> 1],
  r3 |-> [r1 |-> 1, r2 |-> 1, r3 |-> 1, r4 |-> 1, r5 |-> 1],
  r4 |-> [r1 |-> 1, r2 |-> 1, r3 |-> 1, r4 |-> 1, r5 |-> 1],
  r5 |-> [r1 |-> 1, r2 |-> 1, r3 |-> 1, r4 |-> 1, r5 |-> 1] ]
/\ votesGranted = [r1 |-> {}, r2 |-> {}, r3 |-> {"r4", "r5"}, r4 |-> {}, r5 |-> {}]
/\ switchBuffer = [v1 |-> [term |-> 2, value |-> "v1", payload |-> "v1"]]
/\ voterLog = [ r1 |-> <<>>,
  r2 |-> <<>>,
  r3 |-> [r4 |-> <<>>, r5 |-> <<>>],
  r4 |-> <<>>,
  r5 |-> <<>> ]
/\ votedFor = [r1 |-> "r3", r2 |-> "r3", r3 |-> Nil, r4 |-> "r3", r5 |-> "r3"]
/\ netAggPerServerSendIndex = "r2"

@!@!@ENDMSG 2217 @!@!@
@!@!@STARTMSG 2217:4 @!@!@
6: <MyNetAggNext line 711, col 15 to line 712, col 70 of module raftModelPerf_JabinTasnimKhanURMY_0245503730>
/\ messages = ( [ mterm |-> 2,
    mtype |-> AppendEntriesRequest,
    msource |-> "r3",
    mdest |-> "r2",
    mprevLogIndex |-> 0,
    mprevLogTerm |-> 0,
    mentries |-> <<[term |-> 2, value |-> "v1"]>>,
    mcommitIndex |-> 0 ] :>
      0 )
/\ switchToServerSentRecord = [r1 |-> {}, r2 |-> {}, r3 |-> {<<"v1", 2>>}, r4 |-> {}, r5 |-> {<<"v1", 2>>}]
/\ matchIndex = [ r1 |-> [r1 |-> 0, r2 |-> 0, r3 |-> 0, r4 |-> 0, r5 |-> 0],
  r2 |-> [r1 |-> 0, r2 |-> 0, r3 |-> 0, r4 |-> 0, r5 |-> 0],
  r3 |-> [r1 |-> 0, r2 |-> 0, r3 |-> 0, r4 |-> 0, r5 |-> 0],
  r4 |-> [r1 |-> 0, r2 |-> 0, r3 |-> 0, r4 |-> 0, r5 |-> 0],
  r5 |-> [r1 |-> 0, r2 |-> 0, r3 |-> 0, r4 |-> 0, r5 |-> 0] ]
/\ log = [ r1 |-> <<>>,
  r2 |-> <<>>,
  r3 |-> <<[term |-> 2, value |-> "v1", payload |-> "v1"]>>,
  r4 |-> <<>>,
  r5 |-> <<>> ]
/\ state = [r1 |-> Switch, r2 |-> NetAgg, r3 |-> Leader, r4 |-> Follower, r5 |-> Follower]
/\ Servers = {"r3", "r4", "r5"}
/\ netAggRecentSentEntries = ( [ mterm |-> 2,
    mtype |-> AppendEntriesRequest,
    msource |-> "r3",
    mdest |-> "r2",
    mprevLogIndex |-> 0,
    mprevLogTerm |-> 0,
    mentries |-> <<[term |-> 2, value |-> "v1"]>>,
    mcommitIndex |-> 0 ] :>
      {} )
/\ leaderCount = [r1 |-> 0, r2 |-> 1, r3 |-> 0, r4 |-> 0, r5 |-> 0]
/\ entryCommitStats = (<<1, 2>> :> [sentCount |-> 0, ackCount |-> 0, committed |-> FALSE])
/\ unorderedClientRequests = [r1 |-> {}, r2 |-> {}, r3 |-> {}, r4 |-> {}, r5 |-> {"v1"}]
/\ commitIndex = [r1 |-> 0, r2 |-> 0, r3 |-> 0, r4 |-> 0, r5 |-> 0]
/\ currentTerm = [r1 |-> 2, r2 |-> 2, r3 |-> 2, r4 |-> 2, r5 |-> 2]
/\ votesResponded = [r1 |-> {}, r2 |-> {}, r3 |-> {"r4", "r5"}, r4 |-> {}, r5 |-> {}]
/\ switchIndex = "r1"
/\ maxc = 1
/\ nextIndex = [ r1 |-> [r1 |-> 1, r2 |-> 1, r3 |-> 1, r4 |-> 1, r5 |-> 1],
  r2 |-> [r1 |-> 1, r2 |-> 1, r3 |-> 1, r4 |-> 1, r5 |-> 1],
  r3 |-> [r1 |-> 1, r2 |-> 1, r3 |-> 1, r4 |-> 1, r5 |-> 1],
  r4 |-> [r1 |-> 1, r2 |-> 1, r3 |-> 1, r4 |-> 1, r5 |-> 1],
  r5 |-> [r1 |-> 1, r2 |-> 1, r3 |-> 1, r4 |-> 1, r5 |-> 1] ]
/\ votesGranted = [r1 |-> {}, r2 |-> {}, r3 |-> {"r4", "r5"}, r4 |-> {}, r5 |-> {}]
/\ switchBuffer = [v1 |-> [term |-> 2, value |-> "v1", payload |-> "v1"]]
/\ voterLog = [ r1 |-> <<>>,
  r2 |-> <<>>,
  r3 |-> [r4 |-> <<>>, r5 |-> <<>>],
  r4 |-> <<>>,
  r5 |-> <<>> ]
/\ votedFor = [r1 |-> "r3", r2 |-> "r3", r3 |-> Nil, r4 |-> "r3", r5 |-> "r3"]
/\ netAggPerServerSendIndex = "r2"

@!@!@ENDMSG 2217 @!@!@
@!@!@STARTMSG 2217:4 @!@!@
7: <MyNetAggNext line 715, col 15 to line 715, col 105 of module raftModelPerf_JabinTasnimKhanURMY_0245503730>
/\ messages = ( [ mterm |-> 2,
    mtype |-> AppendEntriesRequest,
    msource |-> "r2",
    mdest |-> "r5",
    mprevLogIndex |-> 0,
    mprevLogTerm |-> 0,
    mentries |-> <<[term |-> 2, value |-> "v1"]>>,
    mcommitIndex |-> 0 ] :>
      1 @@
  [ mterm |-> 2,
    mtype |-> AppendEntriesRequest,
    msource |-> "r3",
    mdest |-> "r2",
    mprevLogIndex |-> 0,
    mprevLogTerm |-> 0,
    mentries |-> <<[term |-> 2, value |-> "v1"]>>,
    mcommitIndex |-> 0 ] :>
      0 )
/\ switchToServerSentRecord = [r1 |-> {}, r2 |-> {}, r3 |-> {<<"v1", 2>>}, r4 |-> {}, r5 |-> {<<"v1", 2>>}]
/\ matchIndex = [ r1 |-> [r1 |-> 0, r2 |-> 0, r3 |-> 0, r4 |-> 0, r5 |-> 0],
  r2 |-> [r1 |-> 0, r2 |-> 0, r3 |-> 0, r4 |-> 0, r5 |-> 0],
  r3 |-> [r1 |-> 0, r2 |-> 0, r3 |-> 0, r4 |-> 0, r5 |-> 0],
  r4 |-> [r1 |-> 0, r2 |-> 0, r3 |-> 0, r4 |-> 0, r5 |-> 0],
  r5 |-> [r1 |-> 0, r2 |-> 0, r3 |-> 0, r4 |-> 0, r5 |-> 0] ]
/\ log = [ r1 |-> <<>>,
  r2 |-> <<>>,
  r3 |-> <<[term |-> 2, value |-> "v1", payload |-> "v1"]>>,
  r4 |-> <<>>,
  r5 |-> <<>> ]
/\ state = [r1 |-> Switch, r2 |-> NetAgg, r3 |-> Leader, r4 |-> Follower, r5 |-> Follower]
/\ Servers = {"r3", "r4", "r5"}
/\ netAggRecentSentEntries = ( [ mterm |-> 2,
    mtype |-> AppendEntriesRequest,
    msource |-> "r3",
    mdest |-> "r2",
    mprevLogIndex |-> 0,
    mprevLogTerm |-> 0,
    mentries |-> <<[term |-> 2, value |-> "v1"]>>,
    mcommitIndex |-> 0 ] :>
      {"r5"} )
/\ leaderCount = [r1 |-> 0, r2 |-> 1, r3 |-> 0, r4 |-> 0, r5 |-> 0]
/\ entryCommitStats = (<<1, 2>> :> [sentCount |-> 1, ackCount |-> 0, committed |-> FALSE])
/\ unorderedClientRequests = [r1 |-> {}, r2 |-> {}, r3 |-> {}, r4 |-> {}, r5 |-> {"v1"}]
/\ commitIndex = [r1 |-> 0, r2 |-> 0, r3 |-> 0, r4 |-> 0, r5 |-> 0]
/\ currentTerm = [r1 |-> 2, r2 |-> 2, r3 |-> 2, r4 |-> 2, r5 |-> 2]
/\ votesResponded = [r1 |-> {}, r2 |-> {}, r3 |-> {"r4", "r5"}, r4 |-> {}, r5 |-> {}]
/\ switchIndex = "r1"
/\ maxc = 1
/\ nextIndex = [ r1 |-> [r1 |-> 1, r2 |-> 1, r3 |-> 1, r4 |-> 1, r5 |-> 1],
  r2 |-> [r1 |-> 1, r2 |-> 1, r3 |-> 1, r4 |-> 1, r5 |-> 1],
  r3 |-> [r1 |-> 1, r2 |-> 1, r3 |-> 1, r4 |-> 1, r5 |-> 1],
  r4 |-> [r1 |-> 1, r2 |-> 1, r3 |-> 1, r4 |-> 1, r5 |-> 1],
  r5 |-> [r1 |-> 1, r2 |-> 1, r3 |-> 1, r4 |-> 1, r5 |-> 1] ]
/\ votesGranted = [r1 |-> {}, r2 |-> {}, r3 |-> {"r4", "r5"}, r4 |-> {}, r5 |-> {}]
/\ switchBuffer = [v1 |-> [term |-> 2, value |-> "v1", payload |-> "v1"]]
/\ voterLog = [ r1 |-> <<>>,
  r2 |-> <<>>,
  r3 |-> [r4 |-> <<>>, r5 |-> <<>>],
  r4 |-> <<>>,
  r5 |-> <<>> ]
/\ votedFor = [r1 |-> "r3", r2 |-> "r3", r3 |-> Nil, r4 |-> "r3", r5 |-> "r3"]
/\ netAggPerServerSendIndex = "r2"

@!@!@ENDMSG 2217 @!@!@
@!@!@STARTMSG 2217:4 @!@!@
8: <MyNetAggNext line 711, col 15 to line 712, col 70 of module raftModelPerf_JabinTasnimKhanURMY_0245503730>
/\ messages = ( [ mterm |-> 2,
    mtype |-> AppendEntriesRequest,
    msource |-> "r2",
    mdest |-> "r5",
    mprevLogIndex |-> 0,
    mprevLogTerm |-> 0,
    mentries |-> <<[term |-> 2, value |-> "v1"]>>,
    mcommitIndex |-> 0 ] :>
      1 @@
  [ mterm |-> 2,
    mtype |-> AppendEntriesRequest,
    msource |-> "r3",
    mdest |-> "r2",
    mprevLogIndex |-> 0,
    mprevLogTerm |-> 0,
    mentries |-> <<[term |-> 2, value |-> "v1"]>>,
    mcommitIndex |-> 0 ] :>
      0 )
/\ switchToServerSentRecord = [r1 |-> {}, r2 |-> {}, r3 |-> {<<"v1", 2>>}, r4 |-> {}, r5 |-> {<<"v1", 2>>}]
/\ matchIndex = [ r1 |-> [r1 |-> 0, r2 |-> 0, r3 |-> 0, r4 |-> 0, r5 |-> 0],
  r2 |-> [r1 |-> 0, r2 |-> 0, r3 |-> 0, r4 |-> 0, r5 |-> 0],
  r3 |-> [r1 |-> 0, r2 |-> 0, r3 |-> 0, r4 |-> 0, r5 |-> 0],
  r4 |-> [r1 |-> 0, r2 |-> 0, r3 |-> 0, r4 |-> 0, r5 |-> 0],
  r5 |-> [r1 |-> 0, r2 |-> 0, r3 |-> 0, r4 |-> 0, r5 |-> 0] ]
/\ log = [ r1 |-> <<>>,
  r2 |-> <<>>,
  r3 |-> <<[term |-> 2, value |-> "v1", payload |-> "v1"]>>,
  r4 |-> <<>>,
  r5 |-> <<[term |-> 2, value |-> "v1", payload |-> "v1"]>> ]
/\ state = [r1 |-> Switch, r2 |-> NetAgg, r3 |-> Leader, r4 |-> Follower, r5 |-> Follower]
/\ Servers = {"r3", "r4", "r5"}
/\ netAggRecentSentEntries = ( [ mterm |-> 2,
    mtype |-> AppendEntriesRequest,
    msource |-> "r3",
    mdest |-> "r2",
    mprevLogIndex |-> 0,
    mprevLogTerm |-> 0,
    mentries |-> <<[term |-> 2, value |-> "v1"]>>,
    mcommitIndex |-> 0 ] :>
      {"r5"} )
/\ leaderCount = [r1 |-> 0, r2 |-> 1, r3 |-> 0, r4 |-> 0, r5 |-> 0]
/\ entryCommitStats = (<<1, 2>> :> [sentCount |-> 1, ackCount |-> 0, committed |-> FALSE])
/\ unorderedClientRequests = [r1 |-> {}, r2 |-> {}, r3 |-> {}, r4 |-> {}, r5 |-> {}]
/\ commitIndex = [r1 |-> 0, r2 |-> 0, r3 |-> 0, r4 |-> 0, r5 |-> 0]
/\ currentTerm = [r1 |-> 2, r2 |-> 2, r3 |-> 2, r4 |-> 2, r5 |-> 2]
/\ votesResponded = [r1 |-> {}, r2 |-> {}, r3 |-> {"r4", "r5"}, r4 |-> {}, r5 |-> {}]
/\ switchIndex = "r1"
/\ maxc = 1
/\ nextIndex = [ r1 |-> [r1 |-> 1, r2 |-> 1, r3 |-> 1, r4 |-> 1, r5 |-> 1],
  r2 |-> [r1 |-> 1, r2 |-> 1, r3 |-> 1, r4 |-> 1, r5 |-> 1],
  r3 |-> [r1 |-> 1, r2 |-> 1, r3 |-> 1, r4 |-> 1, r5 |-> 1],
  r4 |-> [r1 |-> 1, r2 |-> 1, r3 |-> 1, r4 |-> 1, r5 |-> 1],
  r5 |-> [r1 |-> 1, r2 |-> 1, r3 |-> 1, r4 |-> 1, r5 |-> 1] ]
/\ votesGranted = [r1 |-> {}, r2 |-> {}, r3 |-> {"r4", "r5"}, r4 |-> {}, r5 |-> {}]
/\ switchBuffer = [v1 |-> [term |-> 2, value |-> "v1", payload |-> "v1"]]
/\ voterLog = [ r1 |-> <<>>,
  r2 |-> <<>>,
  r3 |-> [r4 |-> <<>>, r5 |-> <<>>],
  r4 |-> <<>>,
  r5 |-> <<>> ]
/\ votedFor = [r1 |-> "r3", r2 |-> "r3", r3 |-> Nil, r4 |-> "r3", r5 |-> "r3"]
/\ netAggPerServerSendIndex = "r2"

@!@!@ENDMSG 2217 @!@!@
@!@!@STARTMSG 2217:4 @!@!@
9: <MyNetAggNext line 711, col 15 to line 712, col 70 of module raftModelPerf_JabinTasnimKhanURMY_0245503730>
/\ messages = ( [ mterm |-> 2,
    mtype |-> AppendEntriesResponse,
    msource |-> "r5",
    mdest |-> "r2",
    msuccess |-> TRUE,
    mmatchIndex |-> 1 ] :>
      1 @@
  [ mterm |-> 2,
    mtype |-> AppendEntriesRequest,
    msource |-> "r2",
    mdest |-> "r5",
    mprevLogIndex |-> 0,
    mprevLogTerm |-> 0,
    mentries |-> <<[term |-> 2, value |-> "v1"]>>,
    mcommitIndex |-> 0 ] :>
      0 @@
  [ mterm |-> 2,
    mtype |-> AppendEntriesRequest,
    msource |-> "r3",
    mdest |-> "r2",
    mprevLogIndex |-> 0,
    mprevLogTerm |-> 0,
    mentries |-> <<[term |-> 2, value |-> "v1"]>>,
    mcommitIndex |-> 0 ] :>
      0 )
/\ switchToServerSentRecord = [r1 |-> {}, r2 |-> {}, r3 |-> {<<"v1", 2>>}, r4 |-> {}, r5 |-> {<<"v1", 2>>}]
/\ matchIndex = [ r1 |-> [r1 |-> 0, r2 |-> 0, r3 |-> 0, r4 |-> 0, r5 |-> 0],
  r2 |-> [r1 |-> 0, r2 |-> 0, r3 |-> 0, r4 |-> 0, r5 |-> 0],
  r3 |-> [r1 |-> 0, r2 |-> 0, r3 |-> 0, r4 |-> 0, r5 |-> 0],
  r4 |-> [r1 |-> 0, r2 |-> 0, r3 |-> 0, r4 |-> 0, r5 |-> 0],
  r5 |-> [r1 |-> 0, r2 |-> 0, r3 |-> 0, r4 |-> 0, r5 |-> 0] ]
/\ log = [ r1 |-> <<>>,
  r2 |-> <<>>,
  r3 |-> <<[term |-> 2, value |-> "v1", payload |-> "v1"]>>,
  r4 |-> <<>>,
  r5 |-> <<[term |-> 2, value |-> "v1", payload |-> "v1"]>> ]
/\ state = [r1 |-> Switch, r2 |-> NetAgg, r3 |-> Leader, r4 |-> Follower, r5 |-> Follower]
/\ Servers = {"r3", "r4", "r5"}
/\ netAggRecentSentEntries = ( [ mterm |-> 2,
    mtype |-> AppendEntriesRequest,
    msource |-> "r3",
    mdest |-> "r2",
    mprevLogIndex |-> 0,
    mprevLogTerm |-> 0,
    mentries |-> <<[term |-> 2, value |-> "v1"]>>,
    mcommitIndex |-> 0 ] :>
      {"r5"} )
/\ leaderCount = [r1 |-> 0, r2 |-> 1, r3 |-> 0, r4 |-> 0, r5 |-> 0]
/\ entryCommitStats = (<<1, 2>> :> [sentCount |-> 1, ackCount |-> 0, committed |-> FALSE])
/\ unorderedClientRequests = [r1 |-> {}, r2 |-> {}, r3 |-> {}, r4 |-> {}, r5 |-> {}]
/\ commitIndex = [r1 |-> 0, r2 |-> 0, r3 |-> 0, r4 |-> 0, r5 |-> 0]
/\ currentTerm = [r1 |-> 2, r2 |-> 2, r3 |-> 2, r4 |-> 2, r5 |-> 2]
/\ votesResponded = [r1 |-> {}, r2 |-> {}, r3 |-> {"r4", "r5"}, r4 |-> {}, r5 |-> {}]
/\ switchIndex = "r1"
/\ maxc = 1
/\ nextIndex = [ r1 |-> [r1 |-> 1, r2 |-> 1, r3 |-> 1, r4 |-> 1, r5 |-> 1],
  r2 |-> [r1 |-> 1, r2 |-> 1, r3 |-> 1, r4 |-> 1, r5 |-> 1],
  r3 |-> [r1 |-> 1, r2 |-> 1, r3 |-> 1, r4 |-> 1, r5 |-> 1],
  r4 |-> [r1 |-> 1, r2 |-> 1, r3 |-> 1, r4 |-> 1, r5 |-> 1],
  r5 |-> [r1 |-> 1, r2 |-> 1, r3 |-> 1, r4 |-> 1, r5 |-> 1] ]
/\ votesGranted = [r1 |-> {}, r2 |-> {}, r3 |-> {"r4", "r5"}, r4 |-> {}, r5 |-> {}]
/\ switchBuffer = [v1 |-> [term |-> 2, value |-> "v1", payload |-> "v1"]]
/\ voterLog = [ r1 |-> <<>>,
  r2 |-> <<>>,
  r3 |-> [r4 |-> <<>>, r5 |-> <<>>],
  r4 |-> <<>>,
  r5 |-> <<>> ]
/\ votedFor = [r1 |-> "r3", r2 |-> "r3", r3 |-> Nil, r4 |-> "r3", r5 |-> "r3"]
/\ netAggPerServerSendIndex = "r2"

@!@!@ENDMSG 2217 @!@!@
@!@!@STARTMSG 2217:4 @!@!@
10: <MyNetAggNext line 717, col 15 to line 718, col 71 of module raftModelPerf_JabinTasnimKhanURMY_0245503730>
/\ messages = ( [ mterm |-> 2,
    mtype |-> AppendEntriesResponse,
    msource |-> "r5",
    mdest |-> "r2",
    msuccess |-> TRUE,
    mmatchIndex |-> 1 ] :>
      0 @@
  [ mterm |-> 2,
    mtype |-> AppendEntriesRequest,
    msource |-> "r2",
    mdest |-> "r5",
    mprevLogIndex |-> 0,
    mprevLogTerm |-> 0,
    mentries |-> <<[term |-> 2, value |-> "v1"]>>,
    mcommitIndex |-> 0 ] :>
      0 @@
  [ mterm |-> 2,
    mtype |-> AppendEntriesRequest,
    msource |-> "r3",
    mdest |-> "r2",
    mprevLogIndex |-> 0,
    mprevLogTerm |-> 0,
    mentries |-> <<[term |-> 2, value |-> "v1"]>>,
    mcommitIndex |-> 0 ] :>
      0 )
/\ switchToServerSentRecord = [r1 |-> {}, r2 |-> {}, r3 |-> {<<"v1", 2>>}, r4 |-> {}, r5 |-> {<<"v1", 2>>}]
/\ matchIndex = [ r1 |-> [r1 |-> 0, r2 |-> 0, r3 |-> 0, r4 |-> 0, r5 |-> 0],
  r2 |-> [r1 |-> 0, r2 |-> 0, r3 |-> 0, r4 |-> 0, r5 |-> 0],
  r3 |-> [r1 |-> 0, r2 |-> 0, r3 |-> 0, r4 |-> 0, r5 |-> 1],
  r4 |-> [r1 |-> 0, r2 |-> 0, r3 |-> 0, r4 |-> 0, r5 |-> 0],
  r5 |-> [r1 |-> 0, r2 |-> 0, r3 |-> 0, r4 |-> 0, r5 |-> 0] ]
/\ log = [ r1 |-> <<>>,
  r2 |-> <<>>,
  r3 |-> <<[term |-> 2, value |-> "v1", payload |-> "v1"]>>,
  r4 |-> <<>>,
  r5 |-> <<[term |-> 2, value |-> "v1", payload |-> "v1"]>> ]
/\ state = [r1 |-> Switch, r2 |-> NetAgg, r3 |-> Leader, r4 |-> Follower, r5 |-> Follower]
/\ Servers = {"r3", "r4", "r5"}
/\ netAggRecentSentEntries = ( [ mterm |-> 2,
    mtype |-> AppendEntriesRequest,
    msource |-> "r3",
    mdest |-> "r2",
    mprevLogIndex |-> 0,
    mprevLogTerm |-> 0,
    mentries |-> <<[term |-> 2, value |-> "v1"]>>,
    mcommitIndex |-> 0 ] :>
      {"r5"} )
/\ leaderCount = [r1 |-> 0, r2 |-> 1, r3 |-> 0, r4 |-> 0, r5 |-> 0]
/\ entryCommitStats = (<<1, 2>> :> [sentCount |-> 1, ackCount |-> 1, committed |-> FALSE])
/\ unorderedClientRequests = [r1 |-> {}, r2 |-> {}, r3 |-> {}, r4 |-> {}, r5 |-> {}]
/\ commitIndex = [r1 |-> 0, r2 |-> 0, r3 |-> 0, r4 |-> 0, r5 |-> 0]
/\ currentTerm = [r1 |-> 2, r2 |-> 2, r3 |-> 2, r4 |-> 2, r5 |-> 2]
/\ votesResponded = [r1 |-> {}, r2 |-> {}, r3 |-> {"r4", "r5"}, r4 |-> {}, r5 |-> {}]
/\ switchIndex = "r1"
/\ maxc = 1
/\ nextIndex = [ r1 |-> [r1 |-> 1, r2 |-> 1, r3 |-> 1, r4 |-> 1, r5 |-> 1],
  r2 |-> [r1 |-> 1, r2 |-> 1, r3 |-> 1, r4 |-> 1, r5 |-> 1],
  r3 |-> [r1 |-> 1, r2 |-> 1, r3 |-> 1, r4 |-> 1, r5 |-> 2],
  r4 |-> [r1 |-> 1, r2 |-> 1, r3 |-> 1, r4 |-> 1, r5 |-> 1],
  r5 |-> [r1 |-> 1, r2 |-> 1, r3 |-> 1, r4 |-> 1, r5 |-> 1] ]
/\ votesGranted = [r1 |-> {}, r2 |-> {}, r3 |-> {"r4", "r5"}, r4 |-> {}, r5 |-> {}]
/\ switchBuffer = [v1 |-> [term |-> 2, value |-> "v1", payload |-> "v1"]]
/\ voterLog = [ r1 |-> <<>>,
  r2 |-> <<>>,
  r3 |-> [r4 |-> <<>>, r5 |-> <<>>],
  r4 |-> <<>>,
  r5 |-> <<>> ]
/\ votedFor = [r1 |-> "r3", r2 |-> "r3", r3 |-> Nil, r4 |-> "r3", r5 |-> "r3"]
/\ netAggPerServerSendIndex = "r2"

@!@!@ENDMSG 2217 @!@!@
@!@!@STARTMSG 2217:4 @!@!@
11: <AdvanceCommitIndex line 609, col 5 to line 636, col 123 of module raftModelPerf_JabinTasnimKhanURMY_0245503730>
/\ messages = ( [ mterm |-> 2,
    mtype |-> AppendEntriesResponse,
    msource |-> "r5",
    mdest |-> "r2",
    msuccess |-> TRUE,
    mmatchIndex |-> 1 ] :>
      0 @@
  [ mterm |-> 2,
    mtype |-> AppendEntriesRequest,
    msource |-> "r2",
    mdest |-> "r5",
    mprevLogIndex |-> 0,
    mprevLogTerm |-> 0,
    mentries |-> <<[term |-> 2, value |-> "v1"]>>,
    mcommitIndex |-> 0 ] :>
      0 @@
  [ mterm |-> 2,
    mtype |-> AppendEntriesRequest,
    msource |-> "r3",
    mdest |-> "r2",
    mprevLogIndex |-> 0,
    mprevLogTerm |-> 0,
    mentries |-> <<[term |-> 2, value |-> "v1"]>>,
    mcommitIndex |-> 0 ] :>
      0 )
/\ switchToServerSentRecord = [r1 |-> {}, r2 |-> {}, r3 |-> {<<"v1", 2>>}, r4 |-> {}, r5 |-> {<<"v1", 2>>}]
/\ matchIndex = [ r1 |-> [r1 |-> 0, r2 |-> 0, r3 |-> 0, r4 |-> 0, r5 |-> 0],
  r2 |-> [r1 |-> 0, r2 |-> 0, r3 |-> 0, r4 |-> 0, r5 |-> 0],
  r3 |-> [r1 |-> 0, r2 |-> 0, r3 |-> 0, r4 |-> 0, r5 |-> 1],
  r4 |-> [r1 |-> 0, r2 |-> 0, r3 |-> 0, r4 |-> 0, r5 |-> 0],
  r5 |-> [r1 |-> 0, r2 |-> 0, r3 |-> 0, r4 |-> 0, r5 |-> 0] ]
/\ log = [ r1 |-> <<>>,
  r2 |-> <<>>,
  r3 |-> <<[term |-> 2, value |-> "v1", payload |-> "v1"]>>,
  r4 |-> <<>>,
  r5 |-> <<[term |-> 2, value |-> "v1", payload |-> "v1"]>> ]
/\ state = [r1 |-> Switch, r2 |-> NetAgg, r3 |-> Leader, r4 |-> Follower, r5 |-> Follower]
/\ Servers = {"r3", "r4", "r5"}
/\ netAggRecentSentEntries = ( [ mterm |-> 2,
    mtype |-> AppendEntriesRequest,
    msource |-> "r3",
    mdest |-> "r2",
    mprevLogIndex |-> 0,
    mprevLogTerm |-> 0,
    mentries |-> <<[term |-> 2, value |-> "v1"]>>,
    mcommitIndex |-> 0 ] :>
      {"r5"} )
/\ leaderCount = [r1 |-> 0, r2 |-> 1, r3 |-> 0, r4 |-> 0, r5 |-> 0]
/\ entryCommitStats = (<<1, 2>> :> [sentCount |-> 1, ackCount |-> 1, committed |-> TRUE])
/\ unorderedClientRequests = [r1 |-> {}, r2 |-> {}, r3 |-> {}, r4 |-> {}, r5 |-> {}]
/\ commitIndex = [r1 |-> 0, r2 |-> 0, r3 |-> 1, r4 |-> 0, r5 |-> 0]
/\ currentTerm = [r1 |-> 2, r2 |-> 2, r3 |-> 2, r4 |-> 2, r5 |-> 2]
/\ votesResponded = [r1 |-> {}, r2 |-> {}, r3 |-> {"r4", "r5"}, r4 |-> {}, r5 |-> {}]
/\ switchIndex = "r1"
/\ maxc = 1
/\ nextIndex = [ r1 |-> [r1 |-> 1, r2 |-> 1, r3 |-> 1, r4 |-> 1, r5 |-> 1],
  r2 |-> [r1 |-> 1, r2 |-> 1, r3 |-> 1, r4 |-> 1, r5 |-> 1],
  r3 |-> [r1 |-> 1, r2 |-> 1, r3 |-> 1, r4 |-> 1, r5 |-> 2],
  r4 |-> [r1 |-> 1, r2 |-> 1, r3 |-> 1, r4 |-> 1, r5 |-> 1],
  r5 |-> [r1 |-> 1, r2 |-> 1, r3 |-> 1, r4 |-> 1, r5 |-> 1] ]
/\ votesGranted = [r1 |-> {}, r2 |-> {}, r3 |-> {"r4", "r5"}, r4 |-> {}, r5 |-> {}]
/\ switchBuffer = [v1 |-> [term |-> 2, value |-> "v1", payload |-> "v1"]]
/\ voterLog = [ r1 |-> <<>>,
  r2 |-> <<>>,
  r3 |-> [r4 |-> <<>>, r5 |-> <<>>],
  r4 |-> <<>>,
  r5 |-> <<>> ]
/\ votedFor = [r1 |-> "r3", r2 |-> "r3", r3 |-> Nil, r4 |-> "r3", r5 |-> "r3"]
/\ netAggPerServerSendIndex = "r2"

@!@!@ENDMSG 2217 @!@!@
@!@!@STARTMSG 2201:0 @!@!@
The coverage statistics at 2025-05-25 22:09:30
@!@!@ENDMSG 2201 @!@!@
@!@!@STARTMSG 2773:0 @!@!@
<MyNetAggInit line 235, col 1 to line 235, col 12 of module raftModelPerf_JabinTasnimKhanURMY_0245503730>: 2:2
@!@!@ENDMSG 2773 @!@!@
@!@!@STARTMSG 2221:0 @!@!@
  line 244, col 22 to line 244, col 23 of module raftModelPerf_JabinTasnimKhanURMY_0245503730: 2
@!@!@ENDMSG 2221 @!@!@
@!@!@STARTMSG 2221:0 @!@!@
  |line 238, col 15 to line 238, col 26 of module raftModelPerf_JabinTasnimKhanURMY_0245503730: 2
@!@!@ENDMSG 2221 @!@!@
@!@!@STARTMSG 2221:0 @!@!@
  ||line 238, col 15 to line 238, col 23 of module raftModelPerf_JabinTasnimKhanURMY_0245503730: 2
@!@!@ENDMSG 2221 @!@!@
@!@!@STARTMSG 2221:0 @!@!@
  |||line 236, col 22 to line 237, col 67 of module raftModelPerf_JabinTasnimKhanURMY_0245503730: 2
@!@!@ENDMSG 2221 @!@!@
@!@!@STARTMSG 2221:0 @!@!@
  ||||line 237, col 25 to line 237, col 67 of module raftModelPerf_JabinTasnimKhanURMY_0245503730: 390
@!@!@ENDMSG 2221 @!@!@
@!@!@STARTMSG 2221:0 @!@!@
  |||||line 237, col 44 to line 237, col 67 of module raftModelPerf_JabinTasnimKhanURMY_0245503730: 1372
@!@!@ENDMSG 2221 @!@!@
@!@!@STARTMSG 2221:0 @!@!@
  ||||||line 237, col 44 to line 237, col 48 of module raftModelPerf_JabinTasnimKhanURMY_0245503730: 1372
@!@!@ENDMSG 2221 @!@!@
@!@!@STARTMSG 2221:0 @!@!@
  ||||||line 237, col 53 to line 237, col 67 of module raftModelPerf_JabinTasnimKhanURMY_0245503730: 908
@!@!@ENDMSG 2221 @!@!@
@!@!@STARTMSG 2221:0 @!@!@
  |||||line 237, col 37 to line 237, col 40 of module raftModelPerf_JabinTasnimKhanURMY_0245503730: 390
@!@!@ENDMSG 2221 @!@!@
@!@!@STARTMSG 2775:0 @!@!@
  ||||line 236, col 37 to line 236, col 52 of module raftModelPerf_JabinTasnimKhanURMY_0245503730: 2:37890
@!@!@ENDMSG 2775 @!@!@
@!@!@STARTMSG 2221:0 @!@!@
  line 245, col 35 to line 245, col 36 of module raftModelPerf_JabinTasnimKhanURMY_0245503730: 2
@!@!@ENDMSG 2221 @!@!@
@!@!@STARTMSG 2221:0 @!@!@
  |line 239, col 15 to line 239, col 26 of module raftModelPerf_JabinTasnimKhanURMY_0245503730: 2
@!@!@ENDMSG 2221 @!@!@
@!@!@STARTMSG 2221:0 @!@!@
  ||line 239, col 15 to line 239, col 23 of module raftModelPerf_JabinTasnimKhanURMY_0245503730: 2
@!@!@ENDMSG 2221 @!@!@
@!@!@STARTMSG 2221:0 @!@!@
  |||line 236, col 22 to line 237, col 67 of module raftModelPerf_JabinTasnimKhanURMY_0245503730: 2
@!@!@ENDMSG 2221 @!@!@
@!@!@STARTMSG 2221:0 @!@!@
  ||||line 237, col 25 to line 237, col 67 of module raftModelPerf_JabinTasnimKhanURMY_0245503730: 390
@!@!@ENDMSG 2221 @!@!@
@!@!@STARTMSG 2221:0 @!@!@
  |||||line 237, col 44 to line 237, col 67 of module raftModelPerf_JabinTasnimKhanURMY_0245503730: 1372
@!@!@ENDMSG 2221 @!@!@
@!@!@STARTMSG 2221:0 @!@!@
  ||||||line 237, col 44 to line 237, col 48 of module raftModelPerf_JabinTasnimKhanURMY_0245503730: 1372
@!@!@ENDMSG 2221 @!@!@
@!@!@STARTMSG 2221:0 @!@!@
  ||||||line 237, col 53 to line 237, col 67 of module raftModelPerf_JabinTasnimKhanURMY_0245503730: 908
@!@!@ENDMSG 2221 @!@!@
@!@!@STARTMSG 2221:0 @!@!@
  |||||line 237, col 37 to line 237, col 40 of module raftModelPerf_JabinTasnimKhanURMY_0245503730: 390
@!@!@ENDMSG 2221 @!@!@
@!@!@STARTMSG 2775:0 @!@!@
  ||||line 236, col 37 to line 236, col 52 of module raftModelPerf_JabinTasnimKhanURMY_0245503730: 2:37890
@!@!@ENDMSG 2775 @!@!@
@!@!@STARTMSG 2221:0 @!@!@
  line 246, col 18 to line 246, col 34 of module raftModelPerf_JabinTasnimKhanURMY_0245503730: 2
@!@!@ENDMSG 2221 @!@!@
@!@!@STARTMSG 2221:0 @!@!@
  |line 246, col 18 to line 246, col 23 of module raftModelPerf_JabinTasnimKhanURMY_0245503730: 2
@!@!@ENDMSG 2221 @!@!@
@!@!@STARTMSG 2221:0 @!@!@
  |line 246, col 27 to line 246, col 34 of module raftModelPerf_JabinTasnimKhanURMY_0245503730: 2
@!@!@ENDMSG 2221 @!@!@
@!@!@STARTMSG 2221:0 @!@!@
  ||line 246, col 28 to line 246, col 29 of module raftModelPerf_JabinTasnimKhanURMY_0245503730: 2
@!@!@ENDMSG 2221 @!@!@
@!@!@STARTMSG 2221:0 @!@!@
  |||line 238, col 15 to line 238, col 26 of module raftModelPerf_JabinTasnimKhanURMY_0245503730: 2
@!@!@ENDMSG 2221 @!@!@
@!@!@STARTMSG 2221:0 @!@!@
  ||||line 238, col 15 to line 238, col 23 of module raftModelPerf_JabinTasnimKhanURMY_0245503730: 2
@!@!@ENDMSG 2221 @!@!@
@!@!@STARTMSG 2221:0 @!@!@
  |||||line 236, col 22 to line 237, col 67 of module raftModelPerf_JabinTasnimKhanURMY_0245503730: 2
@!@!@ENDMSG 2221 @!@!@
@!@!@STARTMSG 2221:0 @!@!@
  ||||||line 237, col 25 to line 237, col 67 of module raftModelPerf_JabinTasnimKhanURMY_0245503730: 390
@!@!@ENDMSG 2221 @!@!@
@!@!@STARTMSG 2221:0 @!@!@
  |||||||line 237, col 44 to line 237, col 67 of module raftModelPerf_JabinTasnimKhanURMY_0245503730: 1372
@!@!@ENDMSG 2221 @!@!@
@!@!@STARTMSG 2221:0 @!@!@
  ||||||||line 237, col 44 to line 237, col 48 of module raftModelPerf_JabinTasnimKhanURMY_0245503730: 1372
@!@!@ENDMSG 2221 @!@!@
@!@!@STARTMSG 2221:0 @!@!@
  ||||||||line 237, col 53 to line 237, col 67 of module raftModelPerf_JabinTasnimKhanURMY_0245503730: 908
@!@!@ENDMSG 2221 @!@!@
@!@!@STARTMSG 2221:0 @!@!@
  |||||||line 237, col 37 to line 237, col 40 of module raftModelPerf_JabinTasnimKhanURMY_0245503730: 390
@!@!@ENDMSG 2221 @!@!@
@!@!@STARTMSG 2775:0 @!@!@
  ||||||line 236, col 37 to line 236, col 52 of module raftModelPerf_JabinTasnimKhanURMY_0245503730: 2:37890
@!@!@ENDMSG 2775 @!@!@
@!@!@STARTMSG 2221:0 @!@!@
  ||line 246, col 32 to line 246, col 33 of module raftModelPerf_JabinTasnimKhanURMY_0245503730: 2
@!@!@ENDMSG 2221 @!@!@
@!@!@STARTMSG 2221:0 @!@!@
  |||line 239, col 15 to line 239, col 26 of module raftModelPerf_JabinTasnimKhanURMY_0245503730: 2
@!@!@ENDMSG 2221 @!@!@
@!@!@STARTMSG 2221:0 @!@!@
  ||||line 239, col 15 to line 239, col 23 of module raftModelPerf_JabinTasnimKhanURMY_0245503730: 2
@!@!@ENDMSG 2221 @!@!@
@!@!@STARTMSG 2221:0 @!@!@
  |||||line 236, col 22 to line 237, col 67 of module raftModelPerf_JabinTasnimKhanURMY_0245503730: 2
@!@!@ENDMSG 2221 @!@!@
@!@!@STARTMSG 2221:0 @!@!@
  ||||||line 237, col 25 to line 237, col 67 of module raftModelPerf_JabinTasnimKhanURMY_0245503730: 390
@!@!@ENDMSG 2221 @!@!@
@!@!@STARTMSG 2221:0 @!@!@
  |||||||line 237, col 44 to line 237, col 67 of module raftModelPerf_JabinTasnimKhanURMY_0245503730: 1372
@!@!@ENDMSG 2221 @!@!@
@!@!@STARTMSG 2221:0 @!@!@
  ||||||||line 237, col 44 to line 237, col 48 of module raftModelPerf_JabinTasnimKhanURMY_0245503730: 1372
@!@!@ENDMSG 2221 @!@!@
@!@!@STARTMSG 2221:0 @!@!@
  ||||||||line 237, col 53 to line 237, col 67 of module raftModelPerf_JabinTasnimKhanURMY_0245503730: 908
@!@!@ENDMSG 2221 @!@!@
@!@!@STARTMSG 2221:0 @!@!@
  |||||||line 237, col 37 to line 237, col 40 of module raftModelPerf_JabinTasnimKhanURMY_0245503730: 390
@!@!@ENDMSG 2221 @!@!@
@!@!@STARTMSG 2775:0 @!@!@
  ||||||line 236, col 37 to line 236, col 52 of module raftModelPerf_JabinTasnimKhanURMY_0245503730: 2:37890
@!@!@ENDMSG 2775 @!@!@
@!@!@STARTMSG 2221:0 @!@!@
  line 247, col 8 to line 247, col 41 of module raftModelPerf_JabinTasnimKhanURMY_0245503730: 2
@!@!@ENDMSG 2221 @!@!@
@!@!@STARTMSG 2221:0 @!@!@
  line 248, col 8 to line 248, col 41 of module raftModelPerf_JabinTasnimKhanURMY_0245503730: 2
@!@!@ENDMSG 2221 @!@!@
@!@!@STARTMSG 2221:0 @!@!@
  line 249, col 8 to line 249, col 63 of module raftModelPerf_JabinTasnimKhanURMY_0245503730: 2
@!@!@ENDMSG 2221 @!@!@
@!@!@STARTMSG 2221:0 @!@!@
  line 250, col 8 to line 250, col 36 of module raftModelPerf_JabinTasnimKhanURMY_0245503730: 2
@!@!@ENDMSG 2221 @!@!@
@!@!@STARTMSG 2221:0 @!@!@
  line 251, col 8 to line 251, col 59 of module raftModelPerf_JabinTasnimKhanURMY_0245503730: 2
@!@!@ENDMSG 2221 @!@!@
@!@!@STARTMSG 2221:0 @!@!@
  line 253, col 8 to line 253, col 34 of module raftModelPerf_JabinTasnimKhanURMY_0245503730: 2
@!@!@ENDMSG 2221 @!@!@
@!@!@STARTMSG 2221:0 @!@!@
  line 254, col 8 to line 254, col 50 of module raftModelPerf_JabinTasnimKhanURMY_0245503730: 2
@!@!@ENDMSG 2221 @!@!@
@!@!@STARTMSG 2221:0 @!@!@
  line 255, col 8 to line 255, col 58 of module raftModelPerf_JabinTasnimKhanURMY_0245503730: 2
@!@!@ENDMSG 2221 @!@!@
@!@!@STARTMSG 2221:0 @!@!@
  line 256, col 8 to line 260, col 36 of module raftModelPerf_JabinTasnimKhanURMY_0245503730: 2
@!@!@ENDMSG 2221 @!@!@
@!@!@STARTMSG 2221:0 @!@!@
  line 261, col 8 to line 261, col 63 of module raftModelPerf_JabinTasnimKhanURMY_0245503730: 2
@!@!@ENDMSG 2221 @!@!@
@!@!@STARTMSG 2221:0 @!@!@
  line 262, col 8 to line 262, col 88 of module raftModelPerf_JabinTasnimKhanURMY_0245503730: 2
@!@!@ENDMSG 2221 @!@!@
@!@!@STARTMSG 2221:0 @!@!@
  line 263, col 8 to line 263, col 72 of module raftModelPerf_JabinTasnimKhanURMY_0245503730: 2
@!@!@ENDMSG 2221 @!@!@
@!@!@STARTMSG 2221:0 @!@!@
  line 264, col 8 to line 264, col 74 of module raftModelPerf_JabinTasnimKhanURMY_0245503730: 2
@!@!@ENDMSG 2221 @!@!@
@!@!@STARTMSG 2221:0 @!@!@
  line 265, col 8 to line 265, col 106 of module raftModelPerf_JabinTasnimKhanURMY_0245503730: 2
@!@!@ENDMSG 2221 @!@!@
@!@!@STARTMSG 2221:0 @!@!@
  line 266, col 8 to line 266, col 56 of module raftModelPerf_JabinTasnimKhanURMY_0245503730: 2
@!@!@ENDMSG 2221 @!@!@
@!@!@STARTMSG 2221:0 @!@!@
  line 267, col 8 to line 267, col 55 of module raftModelPerf_JabinTasnimKhanURMY_0245503730: 2
@!@!@ENDMSG 2221 @!@!@
@!@!@STARTMSG 2221:0 @!@!@
  line 268, col 8 to line 268, col 80 of module raftModelPerf_JabinTasnimKhanURMY_0245503730: 2
@!@!@ENDMSG 2221 @!@!@
@!@!@STARTMSG 2772:0 @!@!@
<AdvanceCommitIndex line 608, col 1 to line 608, col 21 of module raftModelPerf_JabinTasnimKhanURMY_0245503730>: 8:552
@!@!@ENDMSG 2772 @!@!@
@!@!@STARTMSG 2221:0 @!@!@
  line 609, col 8 to line 609, col 24 of module raftModelPerf_JabinTasnimKhanURMY_0245503730: 3277
@!@!@ENDMSG 2221 @!@!@
@!@!@STARTMSG 2221:0 @!@!@
  |line 609, col 8 to line 609, col 15 of module raftModelPerf_JabinTasnimKhanURMY_0245503730: 2733
@!@!@ENDMSG 2221 @!@!@
@!@!@STARTMSG 2221:0 @!@!@
  |line 609, col 19 to line 609, col 24 of module raftModelPerf_JabinTasnimKhanURMY_0245503730: 2733
@!@!@ENDMSG 2221 @!@!@
@!@!@STARTMSG 2221:0 @!@!@
  line 629, col 14 to line 629, col 70 of module raftModelPerf_JabinTasnimKhanURMY_0245503730: 544
@!@!@ENDMSG 2221 @!@!@
@!@!@STARTMSG 2221:0 @!@!@
  |line 629, col 29 to line 629, col 70 of module raftModelPerf_JabinTasnimKhanURMY_0245503730: 552
@!@!@ENDMSG 2221 @!@!@
@!@!@STARTMSG 2221:0 @!@!@
  ||line 629, col 30 to line 629, col 40 of module raftModelPerf_JabinTasnimKhanURMY_0245503730: 552
@!@!@ENDMSG 2221 @!@!@
@!@!@STARTMSG 2221:0 @!@!@
  ||line 629, col 51 to line 629, col 51 of module raftModelPerf_JabinTasnimKhanURMY_0245503730: 552
@!@!@ENDMSG 2221 @!@!@
@!@!@STARTMSG 2221:0 @!@!@
  |||line 610, col 17 to line 610, col 54 of module raftModelPerf_JabinTasnimKhanURMY_0245503730: 552
@!@!@ENDMSG 2221 @!@!@
@!@!@STARTMSG 2221:0 @!@!@
  ||||line 610, col 38 to line 610, col 54 of module raftModelPerf_JabinTasnimKhanURMY_0245503730: 1656
@!@!@ENDMSG 2221 @!@!@
@!@!@STARTMSG 2221:0 @!@!@
  ||||line 610, col 30 to line 610, col 35 of module raftModelPerf_JabinTasnimKhanURMY_0245503730: 552
@!@!@ENDMSG 2221 @!@!@
@!@!@STARTMSG 2221:0 @!@!@
  ||line 629, col 56 to line 629, col 69 of module raftModelPerf_JabinTasnimKhanURMY_0245503730: 552
@!@!@ENDMSG 2221 @!@!@
@!@!@STARTMSG 2221:0 @!@!@
  |||line 619, col 15 to line 624, col 32 of module raftModelPerf_JabinTasnimKhanURMY_0245503730: 552
@!@!@ENDMSG 2221 @!@!@
@!@!@STARTMSG 2221:0 @!@!@
  ||||line 619, col 18 to line 620, col 67 of module raftModelPerf_JabinTasnimKhanURMY_0245503730: 552
@!@!@ENDMSG 2221 @!@!@
@!@!@STARTMSG 2221:0 @!@!@
  |||||line 619, col 21 to line 619, col 38 of module raftModelPerf_JabinTasnimKhanURMY_0245503730: 552
@!@!@ENDMSG 2221 @!@!@
@!@!@STARTMSG 2221:0 @!@!@
  ||||||line 619, col 21 to line 619, col 32 of module raftModelPerf_JabinTasnimKhanURMY_0245503730: 552
@!@!@ENDMSG 2221 @!@!@
@!@!@STARTMSG 2221:0 @!@!@
  |||||||line 615, col 28 to line 616, col 56 of module raftModelPerf_JabinTasnimKhanURMY_0245503730: 552
@!@!@ENDMSG 2221 @!@!@
@!@!@STARTMSG 2221:0 @!@!@
  ||||||||line 616, col 33 to line 616, col 55 of module raftModelPerf_JabinTasnimKhanURMY_0245503730: 599
@!@!@ENDMSG 2221 @!@!@
@!@!@STARTMSG 2221:0 @!@!@
  |||||||||line 616, col 33 to line 616, col 44 of module raftModelPerf_JabinTasnimKhanURMY_0245503730: 599
@!@!@ENDMSG 2221 @!@!@
@!@!@STARTMSG 2221:0 @!@!@
  ||||||||||line 612, col 28 to line 613, col 67 of module raftModelPerf_JabinTasnimKhanURMY_0245503730: 599
@!@!@ENDMSG 2221 @!@!@
@!@!@STARTMSG 2221:0 @!@!@
  |||||||||||line 612, col 28 to line 612, col 30 of module raftModelPerf_JabinTasnimKhanURMY_0245503730: 599
@!@!@ENDMSG 2221 @!@!@
@!@!@STARTMSG 2221:0 @!@!@
  ||||||||||||line 612, col 29 to line 612, col 29 of module raftModelPerf_JabinTasnimKhanURMY_0245503730: 599
@!@!@ENDMSG 2221 @!@!@
@!@!@STARTMSG 2221:0 @!@!@
  |||||||||||||line 610, col 17 to line 610, col 54 of module raftModelPerf_JabinTasnimKhanURMY_0245503730: 599
@!@!@ENDMSG 2221 @!@!@
@!@!@STARTMSG 2221:0 @!@!@
  ||||||||||||||line 610, col 38 to line 610, col 54 of module raftModelPerf_JabinTasnimKhanURMY_0245503730: 1797
@!@!@ENDMSG 2221 @!@!@
@!@!@STARTMSG 2221:0 @!@!@
  ||||||||||||||line 610, col 30 to line 610, col 35 of module raftModelPerf_JabinTasnimKhanURMY_0245503730: 599
@!@!@ENDMSG 2221 @!@!@
@!@!@STARTMSG 2775:0 @!@!@
  |||||||||||line 612, col 37 to line 613, col 67 of module raftModelPerf_JabinTasnimKhanURMY_0245503730: 599:608
@!@!@ENDMSG 2775 @!@!@
@!@!@STARTMSG 2221:0 @!@!@
  ||||||||||||line 613, col 42 to line 613, col 66 of module raftModelPerf_JabinTasnimKhanURMY_0245503730: 1797
@!@!@ENDMSG 2221 @!@!@
@!@!@STARTMSG 2221:0 @!@!@
  |||||||||||||line 613, col 42 to line 613, col 57 of module raftModelPerf_JabinTasnimKhanURMY_0245503730: 1797
@!@!@ENDMSG 2221 @!@!@
@!@!@STARTMSG 2221:0 @!@!@
  ||||||||||||||line 613, col 42 to line 613, col 54 of module raftModelPerf_JabinTasnimKhanURMY_0245503730: 1797
@!@!@ENDMSG 2221 @!@!@
@!@!@STARTMSG 2221:0 @!@!@
  |||||||||||||||line 613, col 42 to line 613, col 51 of module raftModelPerf_JabinTasnimKhanURMY_0245503730: 1797
@!@!@ENDMSG 2221 @!@!@
@!@!@STARTMSG 2221:0 @!@!@
  |||||||||||||||line 613, col 53 to line 613, col 53 of module raftModelPerf_JabinTasnimKhanURMY_0245503730: 1797
@!@!@ENDMSG 2221 @!@!@
@!@!@STARTMSG 2221:0 @!@!@
  ||||||||||||||||line 610, col 17 to line 610, col 54 of module raftModelPerf_JabinTasnimKhanURMY_0245503730: 1797
@!@!@ENDMSG 2221 @!@!@
@!@!@STARTMSG 2221:0 @!@!@
  |||||||||||||||||line 610, col 38 to line 610, col 54 of module raftModelPerf_JabinTasnimKhanURMY_0245503730: 5391
@!@!@ENDMSG 2221 @!@!@
@!@!@STARTMSG 2221:0 @!@!@
  |||||||||||||||||line 610, col 30 to line 610, col 35 of module raftModelPerf_JabinTasnimKhanURMY_0245503730: 1797
@!@!@ENDMSG 2221 @!@!@
@!@!@STARTMSG 2221:0 @!@!@
  ||||||||||||||line 613, col 56 to line 613, col 56 of module raftModelPerf_JabinTasnimKhanURMY_0245503730: 1797
@!@!@ENDMSG 2221 @!@!@
@!@!@STARTMSG 2221:0 @!@!@
  |||||||||||||line 613, col 62 to line 613, col 66 of module raftModelPerf_JabinTasnimKhanURMY_0245503730: 1797
@!@!@ENDMSG 2221 @!@!@
@!@!@STARTMSG 2221:0 @!@!@
  ||||||||||||line 612, col 44 to line 612, col 50 of module raftModelPerf_JabinTasnimKhanURMY_0245503730: 599
@!@!@ENDMSG 2221 @!@!@
@!@!@STARTMSG 2221:0 @!@!@
  ||||||||||line 616, col 39 to line 616, col 43 of module raftModelPerf_JabinTasnimKhanURMY_0245503730: 599
@!@!@ENDMSG 2221 @!@!@
@!@!@STARTMSG 2221:0 @!@!@
  |||||||||line 616, col 50 to line 616, col 55 of module raftModelPerf_JabinTasnimKhanURMY_0245503730: 599
@!@!@ENDMSG 2221 @!@!@
@!@!@STARTMSG 2221:0 @!@!@
  ||||||||line 615, col 39 to line 615, col 52 of module raftModelPerf_JabinTasnimKhanURMY_0245503730: 552
@!@!@ENDMSG 2221 @!@!@
@!@!@STARTMSG 2221:0 @!@!@
  |||||||||line 615, col 42 to line 615, col 52 of module raftModelPerf_JabinTasnimKhanURMY_0245503730: 552
@!@!@ENDMSG 2221 @!@!@
@!@!@STARTMSG 2221:0 @!@!@
  ||||||||||line 615, col 46 to line 615, col 51 of module raftModelPerf_JabinTasnimKhanURMY_0245503730: 552
@!@!@ENDMSG 2221 @!@!@
@!@!@STARTMSG 2221:0 @!@!@
  |||||||||||line 615, col 46 to line 615, col 48 of module raftModelPerf_JabinTasnimKhanURMY_0245503730: 552
@!@!@ENDMSG 2221 @!@!@
@!@!@STARTMSG 2221:0 @!@!@
  |||||||||||line 615, col 50 to line 615, col 50 of module raftModelPerf_JabinTasnimKhanURMY_0245503730: 552
@!@!@ENDMSG 2221 @!@!@
@!@!@STARTMSG 2221:0 @!@!@
  ||||||||||||line 610, col 17 to line 610, col 54 of module raftModelPerf_JabinTasnimKhanURMY_0245503730: 552
@!@!@ENDMSG 2221 @!@!@
@!@!@STARTMSG 2221:0 @!@!@
  |||||||||||||line 610, col 38 to line 610, col 54 of module raftModelPerf_JabinTasnimKhanURMY_0245503730: 1656
@!@!@ENDMSG 2221 @!@!@
@!@!@STARTMSG 2221:0 @!@!@
  |||||||||||||line 610, col 30 to line 610, col 35 of module raftModelPerf_JabinTasnimKhanURMY_0245503730: 552
@!@!@ENDMSG 2221 @!@!@
@!@!@STARTMSG 2221:0 @!@!@
  ||||||line 619, col 37 to line 619, col 38 of module raftModelPerf_JabinTasnimKhanURMY_0245503730: 552
@!@!@ENDMSG 2221 @!@!@
@!@!@STARTMSG 2221:0 @!@!@
  |||||line 620, col 21 to line 620, col 67 of module raftModelPerf_JabinTasnimKhanURMY_0245503730: 9
@!@!@ENDMSG 2221 @!@!@
@!@!@STARTMSG 2221:0 @!@!@
  ||||||line 620, col 21 to line 620, col 50 of module raftModelPerf_JabinTasnimKhanURMY_0245503730: 9
@!@!@ENDMSG 2221 @!@!@
@!@!@STARTMSG 2221:0 @!@!@
  |||||||line 620, col 21 to line 620, col 45 of module raftModelPerf_JabinTasnimKhanURMY_0245503730: 9
@!@!@ENDMSG 2221 @!@!@
@!@!@STARTMSG 2221:0 @!@!@
  ||||||||line 620, col 21 to line 620, col 26 of module raftModelPerf_JabinTasnimKhanURMY_0245503730: 9
@!@!@ENDMSG 2221 @!@!@
@!@!@STARTMSG 2221:0 @!@!@
  |||||||||line 620, col 21 to line 620, col 23 of module raftModelPerf_JabinTasnimKhanURMY_0245503730: 9
@!@!@ENDMSG 2221 @!@!@
@!@!@STARTMSG 2221:0 @!@!@
  |||||||||line 620, col 25 to line 620, col 25 of module raftModelPerf_JabinTasnimKhanURMY_0245503730: 9
@!@!@ENDMSG 2221 @!@!@
@!@!@STARTMSG 2221:0 @!@!@
  ||||||||||line 610, col 17 to line 610, col 54 of module raftModelPerf_JabinTasnimKhanURMY_0245503730: 9
@!@!@ENDMSG 2221 @!@!@
@!@!@STARTMSG 2221:0 @!@!@
  |||||||||||line 610, col 38 to line 610, col 54 of module raftModelPerf_JabinTasnimKhanURMY_0245503730: 27
@!@!@ENDMSG 2221 @!@!@
@!@!@STARTMSG 2221:0 @!@!@
  |||||||||||line 610, col 30 to line 610, col 35 of module raftModelPerf_JabinTasnimKhanURMY_0245503730: 9
@!@!@ENDMSG 2221 @!@!@
@!@!@STARTMSG 2221:0 @!@!@
  ||||||||line 620, col 28 to line 620, col 44 of module raftModelPerf_JabinTasnimKhanURMY_0245503730: 9
@!@!@ENDMSG 2221 @!@!@
@!@!@STARTMSG 2221:0 @!@!@
  |||||||||line 173, col 11 to line 173, col 46 of module raftModelPerf_JabinTasnimKhanURMY_0245503730: 9
@!@!@ENDMSG 2221 @!@!@
@!@!@STARTMSG 2221:0 @!@!@
  |||||||||line 620, col 32 to line 620, col 43 of module raftModelPerf_JabinTasnimKhanURMY_0245503730: 9
@!@!@ENDMSG 2221 @!@!@
@!@!@STARTMSG 2775:0 @!@!@
  ||||||||||line 615, col 28 to line 616, col 56 of module raftModelPerf_JabinTasnimKhanURMY_0245503730: 9:27
@!@!@ENDMSG 2775 @!@!@
@!@!@STARTMSG 2221:0 @!@!@
  |||||||||||line 616, col 33 to line 616, col 55 of module raftModelPerf_JabinTasnimKhanURMY_0245503730: 9
@!@!@ENDMSG 2221 @!@!@
@!@!@STARTMSG 2221:0 @!@!@
  ||||||||||||line 616, col 33 to line 616, col 44 of module raftModelPerf_JabinTasnimKhanURMY_0245503730: 9
@!@!@ENDMSG 2221 @!@!@
@!@!@STARTMSG 2221:0 @!@!@
  |||||||||||||line 612, col 28 to line 613, col 67 of module raftModelPerf_JabinTasnimKhanURMY_0245503730: 9
@!@!@ENDMSG 2221 @!@!@
@!@!@STARTMSG 2221:0 @!@!@
  ||||||||||||||line 612, col 28 to line 612, col 30 of module raftModelPerf_JabinTasnimKhanURMY_0245503730: 9
@!@!@ENDMSG 2221 @!@!@
@!@!@STARTMSG 2221:0 @!@!@
  |||||||||||||||line 612, col 29 to line 612, col 29 of module raftModelPerf_JabinTasnimKhanURMY_0245503730: 9
@!@!@ENDMSG 2221 @!@!@
@!@!@STARTMSG 2221:0 @!@!@
  ||||||||||||||||line 610, col 17 to line 610, col 54 of module raftModelPerf_JabinTasnimKhanURMY_0245503730: 9
@!@!@ENDMSG 2221 @!@!@
@!@!@STARTMSG 2221:0 @!@!@
  |||||||||||||||||line 610, col 38 to line 610, col 54 of module raftModelPerf_JabinTasnimKhanURMY_0245503730: 27
@!@!@ENDMSG 2221 @!@!@
@!@!@STARTMSG 2221:0 @!@!@
  |||||||||||||||||line 610, col 30 to line 610, col 35 of module raftModelPerf_JabinTasnimKhanURMY_0245503730: 9
@!@!@ENDMSG 2221 @!@!@
@!@!@STARTMSG 2775:0 @!@!@
  ||||||||||||||line 612, col 37 to line 613, col 67 of module raftModelPerf_JabinTasnimKhanURMY_0245503730: 9:18
@!@!@ENDMSG 2775 @!@!@
@!@!@STARTMSG 2221:0 @!@!@
  |||||||||||||||line 613, col 42 to line 613, col 66 of module raftModelPerf_JabinTasnimKhanURMY_0245503730: 27
@!@!@ENDMSG 2221 @!@!@
@!@!@STARTMSG 2221:0 @!@!@
  ||||||||||||||||line 613, col 42 to line 613, col 57 of module raftModelPerf_JabinTasnimKhanURMY_0245503730: 27
@!@!@ENDMSG 2221 @!@!@
@!@!@STARTMSG 2221:0 @!@!@
  |||||||||||||||||line 613, col 42 to line 613, col 54 of module raftModelPerf_JabinTasnimKhanURMY_0245503730: 27
@!@!@ENDMSG 2221 @!@!@
@!@!@STARTMSG 2221:0 @!@!@
  ||||||||||||||||||line 613, col 42 to line 613, col 51 of module raftModelPerf_JabinTasnimKhanURMY_0245503730: 27
@!@!@ENDMSG 2221 @!@!@
@!@!@STARTMSG 2221:0 @!@!@
  ||||||||||||||||||line 613, col 53 to line 613, col 53 of module raftModelPerf_JabinTasnimKhanURMY_0245503730: 27
@!@!@ENDMSG 2221 @!@!@
@!@!@STARTMSG 2221:0 @!@!@
  |||||||||||||||||||line 610, col 17 to line 610, col 54 of module raftModelPerf_JabinTasnimKhanURMY_0245503730: 27
@!@!@ENDMSG 2221 @!@!@
@!@!@STARTMSG 2221:0 @!@!@
  ||||||||||||||||||||line 610, col 38 to line 610, col 54 of module raftModelPerf_JabinTasnimKhanURMY_0245503730: 81
@!@!@ENDMSG 2221 @!@!@
@!@!@STARTMSG 2221:0 @!@!@
  ||||||||||||||||||||line 610, col 30 to line 610, col 35 of module raftModelPerf_JabinTasnimKhanURMY_0245503730: 27
@!@!@ENDMSG 2221 @!@!@
@!@!@STARTMSG 2221:0 @!@!@
  |||||||||||||||||line 613, col 56 to line 613, col 56 of module raftModelPerf_JabinTasnimKhanURMY_0245503730: 27
@!@!@ENDMSG 2221 @!@!@
@!@!@STARTMSG 2221:0 @!@!@
  ||||||||||||||||line 613, col 62 to line 613, col 66 of module raftModelPerf_JabinTasnimKhanURMY_0245503730: 27
@!@!@ENDMSG 2221 @!@!@
@!@!@STARTMSG 2221:0 @!@!@
  |||||||||||||||line 612, col 44 to line 612, col 50 of module raftModelPerf_JabinTasnimKhanURMY_0245503730: 9
@!@!@ENDMSG 2221 @!@!@
@!@!@STARTMSG 2221:0 @!@!@
  |||||||||||||line 616, col 39 to line 616, col 43 of module raftModelPerf_JabinTasnimKhanURMY_0245503730: 9
@!@!@ENDMSG 2221 @!@!@
@!@!@STARTMSG 2221:0 @!@!@
  ||||||||||||line 616, col 50 to line 616, col 55 of module raftModelPerf_JabinTasnimKhanURMY_0245503730: 9
@!@!@ENDMSG 2221 @!@!@
@!@!@STARTMSG 2221:0 @!@!@
  |||||||||||line 615, col 39 to line 615, col 52 of module raftModelPerf_JabinTasnimKhanURMY_0245503730: 9
@!@!@ENDMSG 2221 @!@!@
@!@!@STARTMSG 2221:0 @!@!@
  ||||||||||||line 615, col 42 to line 615, col 52 of module raftModelPerf_JabinTasnimKhanURMY_0245503730: 9
@!@!@ENDMSG 2221 @!@!@
@!@!@STARTMSG 2221:0 @!@!@
  |||||||||||||line 615, col 46 to line 615, col 51 of module raftModelPerf_JabinTasnimKhanURMY_0245503730: 9
@!@!@ENDMSG 2221 @!@!@
@!@!@STARTMSG 2221:0 @!@!@
  ||||||||||||||line 615, col 46 to line 615, col 48 of module raftModelPerf_JabinTasnimKhanURMY_0245503730: 9
@!@!@ENDMSG 2221 @!@!@
@!@!@STARTMSG 2221:0 @!@!@
  ||||||||||||||line 615, col 50 to line 615, col 50 of module raftModelPerf_JabinTasnimKhanURMY_0245503730: 9
@!@!@ENDMSG 2221 @!@!@
@!@!@STARTMSG 2221:0 @!@!@
  |||||||||||||||line 610, col 17 to line 610, col 54 of module raftModelPerf_JabinTasnimKhanURMY_0245503730: 9
@!@!@ENDMSG 2221 @!@!@
@!@!@STARTMSG 2221:0 @!@!@
  ||||||||||||||||line 610, col 38 to line 610, col 54 of module raftModelPerf_JabinTasnimKhanURMY_0245503730: 27
@!@!@ENDMSG 2221 @!@!@
@!@!@STARTMSG 2221:0 @!@!@
  ||||||||||||||||line 610, col 30 to line 610, col 35 of module raftModelPerf_JabinTasnimKhanURMY_0245503730: 9
@!@!@ENDMSG 2221 @!@!@
@!@!@STARTMSG 2221:0 @!@!@
  ||||||line 620, col 54 to line 620, col 67 of module raftModelPerf_JabinTasnimKhanURMY_0245503730: 9
@!@!@ENDMSG 2221 @!@!@
@!@!@STARTMSG 2221:0 @!@!@
  |||||||line 620, col 54 to line 620, col 64 of module raftModelPerf_JabinTasnimKhanURMY_0245503730: 9
@!@!@ENDMSG 2221 @!@!@
@!@!@STARTMSG 2221:0 @!@!@
  |||||||line 620, col 66 to line 620, col 66 of module raftModelPerf_JabinTasnimKhanURMY_0245503730: 9
@!@!@ENDMSG 2221 @!@!@
@!@!@STARTMSG 2221:0 @!@!@
  ||||||||line 610, col 17 to line 610, col 54 of module raftModelPerf_JabinTasnimKhanURMY_0245503730: 9
@!@!@ENDMSG 2221 @!@!@
@!@!@STARTMSG 2221:0 @!@!@
  |||||||||line 610, col 38 to line 610, col 54 of module raftModelPerf_JabinTasnimKhanURMY_0245503730: 27
@!@!@ENDMSG 2221 @!@!@
@!@!@STARTMSG 2221:0 @!@!@
  |||||||||line 610, col 30 to line 610, col 35 of module raftModelPerf_JabinTasnimKhanURMY_0245503730: 9
@!@!@ENDMSG 2221 @!@!@
@!@!@STARTMSG 2221:0 @!@!@
  ||||line 622, col 19 to line 622, col 35 of module raftModelPerf_JabinTasnimKhanURMY_0245503730: 9
@!@!@ENDMSG 2221 @!@!@
@!@!@STARTMSG 2221:0 @!@!@
  |||||line 173, col 11 to line 173, col 46 of module raftModelPerf_JabinTasnimKhanURMY_0245503730: 9
@!@!@ENDMSG 2221 @!@!@
@!@!@STARTMSG 2221:0 @!@!@
  |||||line 622, col 23 to line 622, col 34 of module raftModelPerf_JabinTasnimKhanURMY_0245503730: 9
@!@!@ENDMSG 2221 @!@!@
@!@!@STARTMSG 2775:0 @!@!@
  ||||||line 615, col 28 to line 616, col 56 of module raftModelPerf_JabinTasnimKhanURMY_0245503730: 9:27
@!@!@ENDMSG 2775 @!@!@
@!@!@STARTMSG 2221:0 @!@!@
  |||||||line 616, col 33 to line 616, col 55 of module raftModelPerf_JabinTasnimKhanURMY_0245503730: 9
@!@!@ENDMSG 2221 @!@!@
@!@!@STARTMSG 2221:0 @!@!@
  ||||||||line 616, col 33 to line 616, col 44 of module raftModelPerf_JabinTasnimKhanURMY_0245503730: 9
@!@!@ENDMSG 2221 @!@!@
@!@!@STARTMSG 2221:0 @!@!@
  |||||||||line 612, col 28 to line 613, col 67 of module raftModelPerf_JabinTasnimKhanURMY_0245503730: 9
@!@!@ENDMSG 2221 @!@!@
@!@!@STARTMSG 2221:0 @!@!@
  ||||||||||line 612, col 28 to line 612, col 30 of module raftModelPerf_JabinTasnimKhanURMY_0245503730: 9
@!@!@ENDMSG 2221 @!@!@
@!@!@STARTMSG 2221:0 @!@!@
  |||||||||||line 612, col 29 to line 612, col 29 of module raftModelPerf_JabinTasnimKhanURMY_0245503730: 9
@!@!@ENDMSG 2221 @!@!@
@!@!@STARTMSG 2221:0 @!@!@
  ||||||||||||line 610, col 17 to line 610, col 54 of module raftModelPerf_JabinTasnimKhanURMY_0245503730: 9
@!@!@ENDMSG 2221 @!@!@
@!@!@STARTMSG 2221:0 @!@!@
  |||||||||||||line 610, col 38 to line 610, col 54 of module raftModelPerf_JabinTasnimKhanURMY_0245503730: 27
@!@!@ENDMSG 2221 @!@!@
@!@!@STARTMSG 2221:0 @!@!@
  |||||||||||||line 610, col 30 to line 610, col 35 of module raftModelPerf_JabinTasnimKhanURMY_0245503730: 9
@!@!@ENDMSG 2221 @!@!@
@!@!@STARTMSG 2775:0 @!@!@
  ||||||||||line 612, col 37 to line 613, col 67 of module raftModelPerf_JabinTasnimKhanURMY_0245503730: 9:18
@!@!@ENDMSG 2775 @!@!@
@!@!@STARTMSG 2221:0 @!@!@
  |||||||||||line 613, col 42 to line 613, col 66 of module raftModelPerf_JabinTasnimKhanURMY_0245503730: 27
@!@!@ENDMSG 2221 @!@!@
@!@!@STARTMSG 2221:0 @!@!@
  ||||||||||||line 613, col 42 to line 613, col 57 of module raftModelPerf_JabinTasnimKhanURMY_0245503730: 27
@!@!@ENDMSG 2221 @!@!@
@!@!@STARTMSG 2221:0 @!@!@
  |||||||||||||line 613, col 42 to line 613, col 54 of module raftModelPerf_JabinTasnimKhanURMY_0245503730: 27
@!@!@ENDMSG 2221 @!@!@
@!@!@STARTMSG 2221:0 @!@!@
  ||||||||||||||line 613, col 42 to line 613, col 51 of module raftModelPerf_JabinTasnimKhanURMY_0245503730: 27
@!@!@ENDMSG 2221 @!@!@
@!@!@STARTMSG 2221:0 @!@!@
  ||||||||||||||line 613, col 53 to line 613, col 53 of module raftModelPerf_JabinTasnimKhanURMY_0245503730: 27
@!@!@ENDMSG 2221 @!@!@
@!@!@STARTMSG 2221:0 @!@!@
  |||||||||||||||line 610, col 17 to line 610, col 54 of module raftModelPerf_JabinTasnimKhanURMY_0245503730: 27
@!@!@ENDMSG 2221 @!@!@
@!@!@STARTMSG 2221:0 @!@!@
  ||||||||||||||||line 610, col 38 to line 610, col 54 of module raftModelPerf_JabinTasnimKhanURMY_0245503730: 81
@!@!@ENDMSG 2221 @!@!@
@!@!@STARTMSG 2221:0 @!@!@
  ||||||||||||||||line 610, col 30 to line 610, col 35 of module raftModelPerf_JabinTasnimKhanURMY_0245503730: 27
@!@!@ENDMSG 2221 @!@!@
@!@!@STARTMSG 2221:0 @!@!@
  |||||||||||||line 613, col 56 to line 613, col 56 of module raftModelPerf_JabinTasnimKhanURMY_0245503730: 27
@!@!@ENDMSG 2221 @!@!@
@!@!@STARTMSG 2221:0 @!@!@
  ||||||||||||line 613, col 62 to line 613, col 66 of module raftModelPerf_JabinTasnimKhanURMY_0245503730: 27
@!@!@ENDMSG 2221 @!@!@
@!@!@STARTMSG 2221:0 @!@!@
  |||||||||||line 612, col 44 to line 612, col 50 of module raftModelPerf_JabinTasnimKhanURMY_0245503730: 9
@!@!@ENDMSG 2221 @!@!@
@!@!@STARTMSG 2221:0 @!@!@
  |||||||||line 616, col 39 to line 616, col 43 of module raftModelPerf_JabinTasnimKhanURMY_0245503730: 9
@!@!@ENDMSG 2221 @!@!@
@!@!@STARTMSG 2221:0 @!@!@
  ||||||||line 616, col 50 to line 616, col 55 of module raftModelPerf_JabinTasnimKhanURMY_0245503730: 9
@!@!@ENDMSG 2221 @!@!@
@!@!@STARTMSG 2221:0 @!@!@
  |||||||line 615, col 39 to line 615, col 52 of module raftModelPerf_JabinTasnimKhanURMY_0245503730: 9
@!@!@ENDMSG 2221 @!@!@
@!@!@STARTMSG 2221:0 @!@!@
  ||||||||line 615, col 42 to line 615, col 52 of module raftModelPerf_JabinTasnimKhanURMY_0245503730: 9
@!@!@ENDMSG 2221 @!@!@
@!@!@STARTMSG 2221:0 @!@!@
  |||||||||line 615, col 46 to line 615, col 51 of module raftModelPerf_JabinTasnimKhanURMY_0245503730: 9
@!@!@ENDMSG 2221 @!@!@
@!@!@STARTMSG 2221:0 @!@!@
  ||||||||||line 615, col 46 to line 615, col 48 of module raftModelPerf_JabinTasnimKhanURMY_0245503730: 9
@!@!@ENDMSG 2221 @!@!@
@!@!@STARTMSG 2221:0 @!@!@
  ||||||||||line 615, col 50 to line 615, col 50 of module raftModelPerf_JabinTasnimKhanURMY_0245503730: 9
@!@!@ENDMSG 2221 @!@!@
@!@!@STARTMSG 2221:0 @!@!@
  |||||||||||line 610, col 17 to line 610, col 54 of module raftModelPerf_JabinTasnimKhanURMY_0245503730: 9
@!@!@ENDMSG 2221 @!@!@
@!@!@STARTMSG 2221:0 @!@!@
  ||||||||||||line 610, col 38 to line 610, col 54 of module raftModelPerf_JabinTasnimKhanURMY_0245503730: 27
@!@!@ENDMSG 2221 @!@!@
@!@!@STARTMSG 2221:0 @!@!@
  ||||||||||||line 610, col 30 to line 610, col 35 of module raftModelPerf_JabinTasnimKhanURMY_0245503730: 9
@!@!@ENDMSG 2221 @!@!@
@!@!@STARTMSG 2221:0 @!@!@
  ||||line 624, col 19 to line 624, col 32 of module raftModelPerf_JabinTasnimKhanURMY_0245503730: 543
@!@!@ENDMSG 2221 @!@!@
@!@!@STARTMSG 2221:0 @!@!@
  |||||line 624, col 19 to line 624, col 29 of module raftModelPerf_JabinTasnimKhanURMY_0245503730: 543
@!@!@ENDMSG 2221 @!@!@
@!@!@STARTMSG 2221:0 @!@!@
  |||||line 624, col 31 to line 624, col 31 of module raftModelPerf_JabinTasnimKhanURMY_0245503730: 543
@!@!@ENDMSG 2221 @!@!@
@!@!@STARTMSG 2221:0 @!@!@
  ||||||line 610, col 17 to line 610, col 54 of module raftModelPerf_JabinTasnimKhanURMY_0245503730: 543
@!@!@ENDMSG 2221 @!@!@
@!@!@STARTMSG 2221:0 @!@!@
  |||||||line 610, col 38 to line 610, col 54 of module raftModelPerf_JabinTasnimKhanURMY_0245503730: 1629
@!@!@ENDMSG 2221 @!@!@
@!@!@STARTMSG 2221:0 @!@!@
  |||||||line 610, col 30 to line 610, col 35 of module raftModelPerf_JabinTasnimKhanURMY_0245503730: 543
@!@!@ENDMSG 2221 @!@!@
@!@!@STARTMSG 2221:0 @!@!@
  line 631, col 14 to line 635, col 47 of module raftModelPerf_JabinTasnimKhanURMY_0245503730: 544
@!@!@ENDMSG 2221 @!@!@
@!@!@STARTMSG 2775:0 @!@!@
  |line 632, col 16 to line 635, col 47 of module raftModelPerf_JabinTasnimKhanURMY_0245503730: 552:599
@!@!@ENDMSG 2775 @!@!@
@!@!@STARTMSG 2221:0 @!@!@
  line 636, col 8 to line 636, col 123 of module raftModelPerf_JabinTasnimKhanURMY_0245503730: 544
@!@!@ENDMSG 2221 @!@!@
@!@!@STARTMSG 2772:0 @!@!@
<MyNetAggNext line 702, col 1 to line 702, col 12 of module raftModelPerf_JabinTasnimKhanURMY_0245503730 (703 15 703 85)>: 11:164
@!@!@ENDMSG 2772 @!@!@
@!@!@STARTMSG 2221:0 @!@!@
  line 703, col 46 to line 703, col 62 of module raftModelPerf_JabinTasnimKhanURMY_0245503730: 3500
@!@!@ENDMSG 2221 @!@!@
@!@!@STARTMSG 2221:0 @!@!@
  |line 703, col 46 to line 703, col 53 of module raftModelPerf_JabinTasnimKhanURMY_0245503730: 3336
@!@!@ENDMSG 2221 @!@!@
@!@!@STARTMSG 2221:0 @!@!@
  |line 703, col 57 to line 703, col 62 of module raftModelPerf_JabinTasnimKhanURMY_0245503730: 3336
@!@!@ENDMSG 2221 @!@!@
@!@!@STARTMSG 2221:0 @!@!@
  line 444, col 8 to line 444, col 24 of module raftModelPerf_JabinTasnimKhanURMY_0245503730: 1276
@!@!@ENDMSG 2221 @!@!@
@!@!@STARTMSG 2221:0 @!@!@
  |line 444, col 8 to line 444, col 15 of module raftModelPerf_JabinTasnimKhanURMY_0245503730: 1112
@!@!@ENDMSG 2221 @!@!@
@!@!@STARTMSG 2221:0 @!@!@
  |line 444, col 19 to line 444, col 24 of module raftModelPerf_JabinTasnimKhanURMY_0245503730: 1112
@!@!@ENDMSG 2221 @!@!@
@!@!@STARTMSG 2221:0 @!@!@
  line 445, col 25 to line 445, col 41 of module raftModelPerf_JabinTasnimKhanURMY_0245503730: 5724
@!@!@ENDMSG 2221 @!@!@
@!@!@STARTMSG 2221:0 @!@!@
  |line 445, col 25 to line 445, col 32 of module raftModelPerf_JabinTasnimKhanURMY_0245503730: 5560
@!@!@ENDMSG 2221 @!@!@
@!@!@STARTMSG 2221:0 @!@!@
  |line 445, col 36 to line 445, col 41 of module raftModelPerf_JabinTasnimKhanURMY_0245503730: 5560
@!@!@ENDMSG 2221 @!@!@
@!@!@STARTMSG 2221:0 @!@!@
  line 445, col 17 to line 445, col 22 of module raftModelPerf_JabinTasnimKhanURMY_0245503730: 1112
@!@!@ENDMSG 2221 @!@!@
@!@!@STARTMSG 2221:0 @!@!@
  line 448, col 8 to line 448, col 31 of module raftModelPerf_JabinTasnimKhanURMY_0245503730: 164
@!@!@ENDMSG 2221 @!@!@
@!@!@STARTMSG 2221:0 @!@!@
  |line 448, col 8 to line 448, col 11 of module raftModelPerf_JabinTasnimKhanURMY_0245503730: 1112
@!@!@ENDMSG 2221 @!@!@
@!@!@STARTMSG 2221:0 @!@!@
  |line 448, col 15 to line 448, col 31 of module raftModelPerf_JabinTasnimKhanURMY_0245503730: 1112
@!@!@ENDMSG 2221 @!@!@
@!@!@STARTMSG 2221:0 @!@!@
  line 454, col 15 to line 454, col 26 of module raftModelPerf_JabinTasnimKhanURMY_0245503730: 164
@!@!@ENDMSG 2221 @!@!@
@!@!@STARTMSG 2221:0 @!@!@
  |line 454, col 16 to line 454, col 26 of module raftModelPerf_JabinTasnimKhanURMY_0245503730: 164
@!@!@ENDMSG 2221 @!@!@
@!@!@STARTMSG 2221:0 @!@!@
  ||line 452, col 27 to line 452, col 79 of module raftModelPerf_JabinTasnimKhanURMY_0245503730: 164
@!@!@ENDMSG 2221 @!@!@
@!@!@STARTMSG 2221:0 @!@!@
  |||line 452, col 57 to line 452, col 79 of module raftModelPerf_JabinTasnimKhanURMY_0245503730: 160
@!@!@ENDMSG 2221 @!@!@
@!@!@STARTMSG 2221:0 @!@!@
  |||line 452, col 36 to line 452, col 54 of module raftModelPerf_JabinTasnimKhanURMY_0245503730: 164
@!@!@ENDMSG 2221 @!@!@
@!@!@STARTMSG 2221:0 @!@!@
  line 455, col 13 to line 456, col 59 of module raftModelPerf_JabinTasnimKhanURMY_0245503730: 84
@!@!@ENDMSG 2221 @!@!@
@!@!@STARTMSG 2221:0 @!@!@
  line 457, col 17 to line 457, col 48 of module raftModelPerf_JabinTasnimKhanURMY_0245503730: 80
@!@!@ENDMSG 2221 @!@!@
@!@!@STARTMSG 2221:0 @!@!@
  line 458, col 8 to line 458, col 232 of module raftModelPerf_JabinTasnimKhanURMY_0245503730: 164
@!@!@ENDMSG 2221 @!@!@
@!@!@STARTMSG 2221:0 @!@!@
  line 703, col 81 to line 703, col 81 of module raftModelPerf_JabinTasnimKhanURMY_0245503730: 1112
@!@!@ENDMSG 2221 @!@!@
@!@!@STARTMSG 2221:0 @!@!@
  line 703, col 84 to line 703, col 84 of module raftModelPerf_JabinTasnimKhanURMY_0245503730: 164
@!@!@ENDMSG 2221 @!@!@
@!@!@STARTMSG 2221:0 @!@!@
  line 703, col 24 to line 703, col 28 of module raftModelPerf_JabinTasnimKhanURMY_0245503730: 556
@!@!@ENDMSG 2221 @!@!@
@!@!@STARTMSG 2221:0 @!@!@
  line 703, col 37 to line 703, col 43 of module raftModelPerf_JabinTasnimKhanURMY_0245503730: 556
@!@!@ENDMSG 2221 @!@!@
@!@!@STARTMSG 2772:0 @!@!@
<MyNetAggNext line 702, col 1 to line 702, col 12 of module raftModelPerf_JabinTasnimKhanURMY_0245503730 (705 15 705 93)>: 98:1189
@!@!@ENDMSG 2772 @!@!@
@!@!@STARTMSG 2221:0 @!@!@
  line 397, col 38 to line 397, col 42 of module raftModelPerf_JabinTasnimKhanURMY_0245503730: 7117
@!@!@ENDMSG 2221 @!@!@
@!@!@STARTMSG 2221:0 @!@!@
  |line 397, col 38 to line 397, col 38 of module raftModelPerf_JabinTasnimKhanURMY_0245503730: 5928
@!@!@ENDMSG 2221 @!@!@
@!@!@STARTMSG 2221:0 @!@!@
  |line 397, col 42 to line 397, col 42 of module raftModelPerf_JabinTasnimKhanURMY_0245503730: 5928
@!@!@ENDMSG 2221 @!@!@
@!@!@STARTMSG 2221:0 @!@!@
  line 397, col 17 to line 397, col 35 of module raftModelPerf_JabinTasnimKhanURMY_0245503730: 3084
@!@!@ENDMSG 2221 @!@!@
@!@!@STARTMSG 2221:0 @!@!@
  line 398, col 8 to line 398, col 107 of module raftModelPerf_JabinTasnimKhanURMY_0245503730: 4273
@!@!@ENDMSG 2221 @!@!@
@!@!@STARTMSG 2221:0 @!@!@
  |line 398, col 10 to line 398, col 106 of module raftModelPerf_JabinTasnimKhanURMY_0245503730: 3084
@!@!@ENDMSG 2221 @!@!@
@!@!@STARTMSG 2221:0 @!@!@
  ||line 398, col 52 to line 398, col 106 of module raftModelPerf_JabinTasnimKhanURMY_0245503730: 3099
@!@!@ENDMSG 2221 @!@!@
@!@!@STARTMSG 2221:0 @!@!@
  ||line 398, col 23 to line 398, col 49 of module raftModelPerf_JabinTasnimKhanURMY_0245503730: 3084
@!@!@ENDMSG 2221 @!@!@
@!@!@STARTMSG 2221:0 @!@!@
  line 399, col 8 to line 399, col 159 of module raftModelPerf_JabinTasnimKhanURMY_0245503730: 1189
@!@!@ENDMSG 2221 @!@!@
@!@!@STARTMSG 2221:0 @!@!@
  line 400, col 8 to line 400, col 130 of module raftModelPerf_JabinTasnimKhanURMY_0245503730: 1189
@!@!@ENDMSG 2221 @!@!@
@!@!@STARTMSG 2221:0 @!@!@
  line 401, col 8 to line 401, col 185 of module raftModelPerf_JabinTasnimKhanURMY_0245503730: 1189
@!@!@ENDMSG 2221 @!@!@
@!@!@STARTMSG 2221:0 @!@!@
  line 705, col 89 to line 705, col 89 of module raftModelPerf_JabinTasnimKhanURMY_0245503730: 3084
@!@!@ENDMSG 2221 @!@!@
@!@!@STARTMSG 2221:0 @!@!@
  line 705, col 92 to line 705, col 92 of module raftModelPerf_JabinTasnimKhanURMY_0245503730: 3084
@!@!@ENDMSG 2221 @!@!@
@!@!@STARTMSG 2221:0 @!@!@
  line 705, col 24 to line 705, col 42 of module raftModelPerf_JabinTasnimKhanURMY_0245503730: 555
@!@!@ENDMSG 2221 @!@!@
@!@!@STARTMSG 2221:0 @!@!@
  line 705, col 51 to line 705, col 57 of module raftModelPerf_JabinTasnimKhanURMY_0245503730: 555
@!@!@ENDMSG 2221 @!@!@
@!@!@STARTMSG 2772:0 @!@!@
<MyNetAggNext line 702, col 1 to line 702, col 12 of module raftModelPerf_JabinTasnimKhanURMY_0245503730 (707 15 707 117)>: 116:203
@!@!@ENDMSG 2772 @!@!@
@!@!@STARTMSG 2221:0 @!@!@
  line 707, col 60 to line 707, col 76 of module raftModelPerf_JabinTasnimKhanURMY_0245503730: 3281
@!@!@ENDMSG 2221 @!@!@
@!@!@STARTMSG 2221:0 @!@!@
  |line 707, col 60 to line 707, col 67 of module raftModelPerf_JabinTasnimKhanURMY_0245503730: 3078
@!@!@ENDMSG 2221 @!@!@
@!@!@STARTMSG 2221:0 @!@!@
  |line 707, col 71 to line 707, col 76 of module raftModelPerf_JabinTasnimKhanURMY_0245503730: 3078
@!@!@ENDMSG 2221 @!@!@
@!@!@STARTMSG 2221:0 @!@!@
  line 405, col 8 to line 405, col 24 of module raftModelPerf_JabinTasnimKhanURMY_0245503730: 1229
@!@!@ENDMSG 2221 @!@!@
@!@!@STARTMSG 2221:0 @!@!@
  |line 405, col 8 to line 405, col 15 of module raftModelPerf_JabinTasnimKhanURMY_0245503730: 1026
@!@!@ENDMSG 2221 @!@!@
@!@!@STARTMSG 2221:0 @!@!@
  |line 405, col 19 to line 405, col 24 of module raftModelPerf_JabinTasnimKhanURMY_0245503730: 1026
@!@!@ENDMSG 2221 @!@!@
@!@!@STARTMSG 2221:0 @!@!@
  line 406, col 38 to line 406, col 42 of module raftModelPerf_JabinTasnimKhanURMY_0245503730: 2177
@!@!@ENDMSG 2221 @!@!@
@!@!@STARTMSG 2221:0 @!@!@
  |line 406, col 38 to line 406, col 38 of module raftModelPerf_JabinTasnimKhanURMY_0245503730: 1974
@!@!@ENDMSG 2221 @!@!@
@!@!@STARTMSG 2221:0 @!@!@
  |line 406, col 42 to line 406, col 42 of module raftModelPerf_JabinTasnimKhanURMY_0245503730: 1974
@!@!@ENDMSG 2221 @!@!@
@!@!@STARTMSG 2221:0 @!@!@
  line 406, col 17 to line 406, col 35 of module raftModelPerf_JabinTasnimKhanURMY_0245503730: 1026
@!@!@ENDMSG 2221 @!@!@
@!@!@STARTMSG 2221:0 @!@!@
  line 407, col 46 to line 407, col 50 of module raftModelPerf_JabinTasnimKhanURMY_0245503730: 600
@!@!@ENDMSG 2221 @!@!@
@!@!@STARTMSG 2221:0 @!@!@
  |line 407, col 46 to line 407, col 46 of module raftModelPerf_JabinTasnimKhanURMY_0245503730: 397
@!@!@ENDMSG 2221 @!@!@
@!@!@STARTMSG 2221:0 @!@!@
  |line 407, col 50 to line 407, col 50 of module raftModelPerf_JabinTasnimKhanURMY_0245503730: 397
@!@!@ENDMSG 2221 @!@!@
@!@!@STARTMSG 2221:0 @!@!@
  line 407, col 17 to line 407, col 42 of module raftModelPerf_JabinTasnimKhanURMY_0245503730: 1026
@!@!@ENDMSG 2221 @!@!@
@!@!@STARTMSG 2221:0 @!@!@
  line 408, col 8 to line 408, col 62 of module raftModelPerf_JabinTasnimKhanURMY_0245503730: 406
@!@!@ENDMSG 2221 @!@!@
@!@!@STARTMSG 2221:0 @!@!@
  |line 408, col 10 to line 408, col 61 of module raftModelPerf_JabinTasnimKhanURMY_0245503730: 203
@!@!@ENDMSG 2221 @!@!@
@!@!@STARTMSG 2221:0 @!@!@
  ||line 408, col 35 to line 408, col 61 of module raftModelPerf_JabinTasnimKhanURMY_0245503730: 130
@!@!@ENDMSG 2221 @!@!@
@!@!@STARTMSG 2221:0 @!@!@
  ||line 408, col 19 to line 408, col 31 of module raftModelPerf_JabinTasnimKhanURMY_0245503730: 203
@!@!@ENDMSG 2221 @!@!@
@!@!@STARTMSG 2221:0 @!@!@
  line 159, col 12 to line 159, col 47 of module raftModelPerf_JabinTasnimKhanURMY_0245503730: 203
@!@!@ENDMSG 2221 @!@!@
@!@!@STARTMSG 2221:0 @!@!@
  line 430, col 16 to line 430, col 22 of module raftModelPerf_JabinTasnimKhanURMY_0245503730: 203
@!@!@ENDMSG 2221 @!@!@
@!@!@STARTMSG 2221:0 @!@!@
  |line 419, col 23 to line 429, col 60 of module raftModelPerf_JabinTasnimKhanURMY_0245503730: 203
@!@!@ENDMSG 2221 @!@!@
@!@!@STARTMSG 2221:0 @!@!@
  ||line 419, col 24 to line 419, col 62 of module raftModelPerf_JabinTasnimKhanURMY_0245503730: 203
@!@!@ENDMSG 2221 @!@!@
@!@!@STARTMSG 2221:0 @!@!@
  ||line 420, col 17 to line 420, col 49 of module raftModelPerf_JabinTasnimKhanURMY_0245503730: 203
@!@!@ENDMSG 2221 @!@!@
@!@!@STARTMSG 2221:0 @!@!@
  ||line 421, col 17 to line 421, col 47 of module raftModelPerf_JabinTasnimKhanURMY_0245503730: 203
@!@!@ENDMSG 2221 @!@!@
@!@!@STARTMSG 2221:0 @!@!@
  ||line 422, col 36 to line 422, col 46 of module raftModelPerf_JabinTasnimKhanURMY_0245503730: 203
@!@!@ENDMSG 2221 @!@!@
@!@!@STARTMSG 2221:0 @!@!@
  |||line 415, col 27 to line 417, col 32 of module raftModelPerf_JabinTasnimKhanURMY_0245503730: 203
@!@!@ENDMSG 2221 @!@!@
@!@!@STARTMSG 2221:0 @!@!@
  ||||line 415, col 30 to line 415, col 45 of module raftModelPerf_JabinTasnimKhanURMY_0245503730: 203
@!@!@ENDMSG 2221 @!@!@
@!@!@STARTMSG 2221:0 @!@!@
  ||||line 416, col 31 to line 416, col 55 of module raftModelPerf_JabinTasnimKhanURMY_0245503730: 130
@!@!@ENDMSG 2221 @!@!@
@!@!@STARTMSG 2221:0 @!@!@
  ||line 423, col 17 to line 423, col 42 of module raftModelPerf_JabinTasnimKhanURMY_0245503730: 203
@!@!@ENDMSG 2221 @!@!@
@!@!@STARTMSG 2221:0 @!@!@
  ||line 427, col 36 to line 427, col 71 of module raftModelPerf_JabinTasnimKhanURMY_0245503730: 203
@!@!@ENDMSG 2221 @!@!@
@!@!@STARTMSG 2221:0 @!@!@
  |||line 171, col 11 to line 171, col 46 of module raftModelPerf_JabinTasnimKhanURMY_0245503730: 203
@!@!@ENDMSG 2221 @!@!@
@!@!@STARTMSG 2221:0 @!@!@
  ||||line 171, col 28 to line 171, col 46 of module raftModelPerf_JabinTasnimKhanURMY_0245503730: 203
@!@!@ENDMSG 2221 @!@!@
@!@!@STARTMSG 2221:0 @!@!@
  |||||line 171, col 41 to line 171, col 46 of module raftModelPerf_JabinTasnimKhanURMY_0245503730: 406
@!@!@ENDMSG 2221 @!@!@
@!@!@STARTMSG 2221:0 @!@!@
  |||||line 171, col 37 to line 171, col 37 of module raftModelPerf_JabinTasnimKhanURMY_0245503730: 203
@!@!@ENDMSG 2221 @!@!@
@!@!@STARTMSG 2221:0 @!@!@
  ||||line 171, col 24 to line 171, col 24 of module raftModelPerf_JabinTasnimKhanURMY_0245503730: 203
@!@!@ENDMSG 2221 @!@!@
@!@!@STARTMSG 2775:0 @!@!@
  |||line 427, col 40 to line 427, col 70 of module raftModelPerf_JabinTasnimKhanURMY_0245503730: 203:812
@!@!@ENDMSG 2775 @!@!@
@!@!@STARTMSG 2221:0 @!@!@
  ||line 428, col 17 to line 428, col 36 of module raftModelPerf_JabinTasnimKhanURMY_0245503730: 203
@!@!@ENDMSG 2221 @!@!@
@!@!@STARTMSG 2221:0 @!@!@
  ||line 429, col 17 to line 429, col 59 of module raftModelPerf_JabinTasnimKhanURMY_0245503730: 203
@!@!@ENDMSG 2221 @!@!@
@!@!@STARTMSG 2221:0 @!@!@
  line 431, col 12 to line 431, col 44 of module raftModelPerf_JabinTasnimKhanURMY_0245503730: 203
@!@!@ENDMSG 2221 @!@!@
@!@!@STARTMSG 2221:0 @!@!@
  line 432, col 12 to line 432, col 85 of module raftModelPerf_JabinTasnimKhanURMY_0245503730: 203
@!@!@ENDMSG 2221 @!@!@
@!@!@STARTMSG 2221:0 @!@!@
  line 433, col 12 to line 436, col 35 of module raftModelPerf_JabinTasnimKhanURMY_0245503730: 203
@!@!@ENDMSG 2221 @!@!@
@!@!@STARTMSG 2221:0 @!@!@
  line 439, col 8 to line 439, col 203 of module raftModelPerf_JabinTasnimKhanURMY_0245503730: 203
@!@!@ENDMSG 2221 @!@!@
@!@!@STARTMSG 2221:0 @!@!@
  line 707, col 113 to line 707, col 113 of module raftModelPerf_JabinTasnimKhanURMY_0245503730: 1026
@!@!@ENDMSG 2221 @!@!@
@!@!@STARTMSG 2221:0 @!@!@
  line 707, col 116 to line 707, col 116 of module raftModelPerf_JabinTasnimKhanURMY_0245503730: 1026
@!@!@ENDMSG 2221 @!@!@
@!@!@STARTMSG 2221:0 @!@!@
  line 707, col 24 to line 707, col 30 of module raftModelPerf_JabinTasnimKhanURMY_0245503730: 553
@!@!@ENDMSG 2221 @!@!@
@!@!@STARTMSG 2221:0 @!@!@
  line 707, col 39 to line 707, col 57 of module raftModelPerf_JabinTasnimKhanURMY_0245503730: 553
@!@!@ENDMSG 2221 @!@!@
@!@!@STARTMSG 2772:0 @!@!@
<MyNetAggNext line 702, col 1 to line 702, col 12 of module raftModelPerf_JabinTasnimKhanURMY_0245503730 (711 15 712 70)>: 294:352
@!@!@ENDMSG 2772 @!@!@
@!@!@STARTMSG 2221:0 @!@!@
  line 323, col 8 to line 323, col 31 of module raftModelPerf_JabinTasnimKhanURMY_0245503730: 447
@!@!@ENDMSG 2221 @!@!@
@!@!@STARTMSG 2221:0 @!@!@
  line 325, col 8 to line 325, col 60 of module raftModelPerf_JabinTasnimKhanURMY_0245503730: 0
@!@!@ENDMSG 2221 @!@!@
@!@!@STARTMSG 2221:0 @!@!@
  line 326, col 8 to line 326, col 61 of module raftModelPerf_JabinTasnimKhanURMY_0245503730: 0
@!@!@ENDMSG 2221 @!@!@
@!@!@STARTMSG 2221:0 @!@!@
  line 327, col 8 to line 327, col 56 of module raftModelPerf_JabinTasnimKhanURMY_0245503730: 0
@!@!@ENDMSG 2221 @!@!@
@!@!@STARTMSG 2221:0 @!@!@
  line 329, col 8 to line 329, col 117 of module raftModelPerf_JabinTasnimKhanURMY_0245503730: 0
@!@!@ENDMSG 2221 @!@!@
@!@!@STARTMSG 2221:0 @!@!@
  line 669, col 22 to line 669, col 22 of module raftModelPerf_JabinTasnimKhanURMY_0245503730: 447
@!@!@ENDMSG 2221 @!@!@
@!@!@STARTMSG 2221:0 @!@!@
  line 670, col 14 to line 670, col 41 of module raftModelPerf_JabinTasnimKhanURMY_0245503730: 447
@!@!@ENDMSG 2221 @!@!@
@!@!@STARTMSG 2221:0 @!@!@
  line 357, col 24 to line 357, col 61 of module raftModelPerf_JabinTasnimKhanURMY_0245503730: 0
@!@!@ENDMSG 2221 @!@!@
@!@!@STARTMSG 2221:0 @!@!@
  line 358, col 24 to line 358, col 41 of module raftModelPerf_JabinTasnimKhanURMY_0245503730: 0
@!@!@ENDMSG 2221 @!@!@
@!@!@STARTMSG 2221:0 @!@!@
  line 168, col 5 to line 168, col 72 of module raftModelPerf_JabinTasnimKhanURMY_0245503730: 0
@!@!@ENDMSG 2221 @!@!@
@!@!@STARTMSG 2221:0 @!@!@
  line 368, col 11 to line 368, col 130 of module raftModelPerf_JabinTasnimKhanURMY_0245503730: 0
@!@!@ENDMSG 2221 @!@!@
@!@!@STARTMSG 2221:0 @!@!@
  line 672, col 14 to line 672, col 42 of module raftModelPerf_JabinTasnimKhanURMY_0245503730: 447
@!@!@ENDMSG 2221 @!@!@
@!@!@STARTMSG 2221:0 @!@!@
  line 163, col 15 to line 163, col 53 of module raftModelPerf_JabinTasnimKhanURMY_0245503730: 0
@!@!@ENDMSG 2221 @!@!@
@!@!@STARTMSG 2221:0 @!@!@
  line 392, col 8 to line 392, col 119 of module raftModelPerf_JabinTasnimKhanURMY_0245503730: 0
@!@!@ENDMSG 2221 @!@!@
@!@!@STARTMSG 2221:0 @!@!@
  line 376, col 8 to line 377, col 57 of module raftModelPerf_JabinTasnimKhanURMY_0245503730: 0
@!@!@ENDMSG 2221 @!@!@
@!@!@STARTMSG 2221:0 @!@!@
  line 379, col 14 to line 380, col 59 of module raftModelPerf_JabinTasnimKhanURMY_0245503730: 0
@!@!@ENDMSG 2221 @!@!@
@!@!@STARTMSG 2221:0 @!@!@
  line 381, col 14 to line 382, col 59 of module raftModelPerf_JabinTasnimKhanURMY_0245503730: 0
@!@!@ENDMSG 2221 @!@!@
@!@!@STARTMSG 2221:0 @!@!@
  line 384, col 14 to line 384, col 49 of module raftModelPerf_JabinTasnimKhanURMY_0245503730: 0
@!@!@ENDMSG 2221 @!@!@
@!@!@STARTMSG 2221:0 @!@!@
  line 163, col 15 to line 163, col 53 of module raftModelPerf_JabinTasnimKhanURMY_0245503730: 0
@!@!@ENDMSG 2221 @!@!@
@!@!@STARTMSG 2221:0 @!@!@
  line 386, col 8 to line 386, col 114 of module raftModelPerf_JabinTasnimKhanURMY_0245503730: 0
@!@!@ENDMSG 2221 @!@!@
@!@!@STARTMSG 2221:0 @!@!@
  line 675, col 14 to line 675, col 43 of module raftModelPerf_JabinTasnimKhanURMY_0245503730: 585
@!@!@ENDMSG 2221 @!@!@
@!@!@STARTMSG 2221:0 @!@!@
  |line 675, col 14 to line 675, col 20 of module raftModelPerf_JabinTasnimKhanURMY_0245503730: 447
@!@!@ENDMSG 2221 @!@!@
@!@!@STARTMSG 2221:0 @!@!@
  |line 675, col 24 to line 675, col 43 of module raftModelPerf_JabinTasnimKhanURMY_0245503730: 447
@!@!@ENDMSG 2221 @!@!@
@!@!@STARTMSG 2221:0 @!@!@
  line 676, col 14 to line 676, col 41 of module raftModelPerf_JabinTasnimKhanURMY_0245503730: 585
@!@!@ENDMSG 2221 @!@!@
@!@!@STARTMSG 2221:0 @!@!@
  |line 676, col 14 to line 676, col 14 of module raftModelPerf_JabinTasnimKhanURMY_0245503730: 447
@!@!@ENDMSG 2221 @!@!@
@!@!@STARTMSG 2221:0 @!@!@
  |line 676, col 18 to line 676, col 41 of module raftModelPerf_JabinTasnimKhanURMY_0245503730: 447
@!@!@ENDMSG 2221 @!@!@
@!@!@STARTMSG 2221:0 @!@!@
  line 494, col 8 to line 494, col 24 of module raftModelPerf_JabinTasnimKhanURMY_0245503730: 371
@!@!@ENDMSG 2221 @!@!@
@!@!@STARTMSG 2221:0 @!@!@
  |line 494, col 8 to line 494, col 15 of module raftModelPerf_JabinTasnimKhanURMY_0245503730: 233
@!@!@ENDMSG 2221 @!@!@
@!@!@STARTMSG 2221:0 @!@!@
  |line 494, col 19 to line 494, col 24 of module raftModelPerf_JabinTasnimKhanURMY_0245503730: 233
@!@!@ENDMSG 2221 @!@!@
@!@!@STARTMSG 2221:0 @!@!@
  line 495, col 8 to line 495, col 32 of module raftModelPerf_JabinTasnimKhanURMY_0245503730: 371
@!@!@ENDMSG 2221 @!@!@
@!@!@STARTMSG 2221:0 @!@!@
  |line 495, col 8 to line 495, col 23 of module raftModelPerf_JabinTasnimKhanURMY_0245503730: 233
@!@!@ENDMSG 2221 @!@!@
@!@!@STARTMSG 2221:0 @!@!@
  |line 495, col 27 to line 495, col 32 of module raftModelPerf_JabinTasnimKhanURMY_0245503730: 233
@!@!@ENDMSG 2221 @!@!@
@!@!@STARTMSG 2221:0 @!@!@
  line 496, col 8 to line 496, col 119 of module raftModelPerf_JabinTasnimKhanURMY_0245503730: 371
@!@!@ENDMSG 2221 @!@!@
@!@!@STARTMSG 2221:0 @!@!@
  |line 496, col 10 to line 496, col 118 of module raftModelPerf_JabinTasnimKhanURMY_0245503730: 233
@!@!@ENDMSG 2221 @!@!@
@!@!@STARTMSG 2221:0 @!@!@
  ||line 496, col 53 to line 496, col 118 of module raftModelPerf_JabinTasnimKhanURMY_0245503730: 96
@!@!@ENDMSG 2221 @!@!@
@!@!@STARTMSG 2221:0 @!@!@
  ||line 496, col 21 to line 496, col 50 of module raftModelPerf_JabinTasnimKhanURMY_0245503730: 233
@!@!@ENDMSG 2221 @!@!@
@!@!@STARTMSG 2221:0 @!@!@
  line 497, col 8 to line 497, col 25 of module raftModelPerf_JabinTasnimKhanURMY_0245503730: 276
@!@!@ENDMSG 2221 @!@!@
@!@!@STARTMSG 2221:0 @!@!@
  |line 497, col 8 to line 497, col 17 of module raftModelPerf_JabinTasnimKhanURMY_0245503730: 138
@!@!@ENDMSG 2221 @!@!@
@!@!@STARTMSG 2221:0 @!@!@
  |line 497, col 22 to line 497, col 25 of module raftModelPerf_JabinTasnimKhanURMY_0245503730: 138
@!@!@ENDMSG 2221 @!@!@
@!@!@STARTMSG 2221:0 @!@!@
  line 498, col 8 to line 498, col 70 of module raftModelPerf_JabinTasnimKhanURMY_0245503730: 138
@!@!@ENDMSG 2221 @!@!@
@!@!@STARTMSG 2221:0 @!@!@
  line 499, col 8 to line 499, col 17 of module raftModelPerf_JabinTasnimKhanURMY_0245503730: 138
@!@!@ENDMSG 2221 @!@!@
@!@!@STARTMSG 2221:0 @!@!@
  line 500, col 8 to line 500, col 216 of module raftModelPerf_JabinTasnimKhanURMY_0245503730: 138
@!@!@ENDMSG 2221 @!@!@
@!@!@STARTMSG 2221:0 @!@!@
  line 677, col 45 to line 677, col 45 of module raftModelPerf_JabinTasnimKhanURMY_0245503730: 233
@!@!@ENDMSG 2221 @!@!@
@!@!@STARTMSG 2221:0 @!@!@
  line 678, col 14 to line 678, col 43 of module raftModelPerf_JabinTasnimKhanURMY_0245503730: 661
@!@!@ENDMSG 2221 @!@!@
@!@!@STARTMSG 2221:0 @!@!@
  |line 678, col 14 to line 678, col 20 of module raftModelPerf_JabinTasnimKhanURMY_0245503730: 447
@!@!@ENDMSG 2221 @!@!@
@!@!@STARTMSG 2221:0 @!@!@
  |line 678, col 24 to line 678, col 43 of module raftModelPerf_JabinTasnimKhanURMY_0245503730: 447
@!@!@ENDMSG 2221 @!@!@
@!@!@STARTMSG 2221:0 @!@!@
  line 679, col 14 to line 679, col 42 of module raftModelPerf_JabinTasnimKhanURMY_0245503730: 661
@!@!@ENDMSG 2221 @!@!@
@!@!@STARTMSG 2221:0 @!@!@
  |line 679, col 14 to line 679, col 14 of module raftModelPerf_JabinTasnimKhanURMY_0245503730: 447
@!@!@ENDMSG 2221 @!@!@
@!@!@STARTMSG 2221:0 @!@!@
  |line 679, col 19 to line 679, col 42 of module raftModelPerf_JabinTasnimKhanURMY_0245503730: 447
@!@!@ENDMSG 2221 @!@!@
@!@!@STARTMSG 2221:0 @!@!@
  line 511, col 11 to line 511, col 35 of module raftModelPerf_JabinTasnimKhanURMY_0245503730: 214
@!@!@ENDMSG 2221 @!@!@
@!@!@STARTMSG 2221:0 @!@!@
  line 513, col 17 to line 516, col 33 of module raftModelPerf_JabinTasnimKhanURMY_0245503730: 214
@!@!@ENDMSG 2221 @!@!@
@!@!@STARTMSG 2221:0 @!@!@
  line 168, col 5 to line 168, col 72 of module raftModelPerf_JabinTasnimKhanURMY_0245503730: 0
@!@!@ENDMSG 2221 @!@!@
@!@!@STARTMSG 2221:0 @!@!@
  line 524, col 17 to line 524, col 74 of module raftModelPerf_JabinTasnimKhanURMY_0245503730: 0
@!@!@ENDMSG 2221 @!@!@
@!@!@STARTMSG 2221:0 @!@!@
  line 526, col 17 to line 526, col 40 of module raftModelPerf_JabinTasnimKhanURMY_0245503730: 214
@!@!@ENDMSG 2221 @!@!@
@!@!@STARTMSG 2221:0 @!@!@
  line 527, col 17 to line 527, col 36 of module raftModelPerf_JabinTasnimKhanURMY_0245503730: 214
@!@!@ENDMSG 2221 @!@!@
@!@!@STARTMSG 2221:0 @!@!@
  line 528, col 17 to line 528, col 55 of module raftModelPerf_JabinTasnimKhanURMY_0245503730: 0
@!@!@ENDMSG 2221 @!@!@
@!@!@STARTMSG 2221:0 @!@!@
  line 529, col 17 to line 529, col 95 of module raftModelPerf_JabinTasnimKhanURMY_0245503730: 0
@!@!@ENDMSG 2221 @!@!@
@!@!@STARTMSG 2221:0 @!@!@
  line 531, col 17 to line 531, col 40 of module raftModelPerf_JabinTasnimKhanURMY_0245503730: 428
@!@!@ENDMSG 2221 @!@!@
@!@!@STARTMSG 2221:0 @!@!@
  |line 531, col 17 to line 531, col 23 of module raftModelPerf_JabinTasnimKhanURMY_0245503730: 214
@!@!@ENDMSG 2221 @!@!@
@!@!@STARTMSG 2221:0 @!@!@
  |line 531, col 27 to line 531, col 40 of module raftModelPerf_JabinTasnimKhanURMY_0245503730: 214
@!@!@ENDMSG 2221 @!@!@
@!@!@STARTMSG 2221:0 @!@!@
  line 532, col 17 to line 532, col 35 of module raftModelPerf_JabinTasnimKhanURMY_0245503730: 428
@!@!@ENDMSG 2221 @!@!@
@!@!@STARTMSG 2221:0 @!@!@
  |line 532, col 17 to line 532, col 24 of module raftModelPerf_JabinTasnimKhanURMY_0245503730: 214
@!@!@ENDMSG 2221 @!@!@
@!@!@STARTMSG 2221:0 @!@!@
  |line 532, col 28 to line 532, col 35 of module raftModelPerf_JabinTasnimKhanURMY_0245503730: 214
@!@!@ENDMSG 2221 @!@!@
@!@!@STARTMSG 2221:0 @!@!@
  line 507, col 21 to line 507, col 39 of module raftModelPerf_JabinTasnimKhanURMY_0245503730: 428
@!@!@ENDMSG 2221 @!@!@
@!@!@STARTMSG 2221:0 @!@!@
  |line 507, col 21 to line 507, col 35 of module raftModelPerf_JabinTasnimKhanURMY_0245503730: 214
@!@!@ENDMSG 2221 @!@!@
@!@!@STARTMSG 2221:0 @!@!@
  line 508, col 21 to line 510, col 68 of module raftModelPerf_JabinTasnimKhanURMY_0245503730: 214
@!@!@ENDMSG 2221 @!@!@
@!@!@STARTMSG 2221:0 @!@!@
  line 536, col 30 to line 536, col 47 of module raftModelPerf_JabinTasnimKhanURMY_0245503730: 214
@!@!@ENDMSG 2221 @!@!@
@!@!@STARTMSG 2221:0 @!@!@
  line 537, col 33 to line 537, col 51 of module raftModelPerf_JabinTasnimKhanURMY_0245503730: 292
@!@!@ENDMSG 2221 @!@!@
@!@!@STARTMSG 2221:0 @!@!@
  |line 537, col 33 to line 537, col 42 of module raftModelPerf_JabinTasnimKhanURMY_0245503730: 214
@!@!@ENDMSG 2221 @!@!@
@!@!@STARTMSG 2221:0 @!@!@
  |line 537, col 47 to line 537, col 51 of module raftModelPerf_JabinTasnimKhanURMY_0245503730: 214
@!@!@ENDMSG 2221 @!@!@
@!@!@STARTMSG 2221:0 @!@!@
  line 538, col 33 to line 538, col 52 of module raftModelPerf_JabinTasnimKhanURMY_0245503730: 78
@!@!@ENDMSG 2221 @!@!@
@!@!@STARTMSG 2221:0 @!@!@
  |line 538, col 33 to line 538, col 43 of module raftModelPerf_JabinTasnimKhanURMY_0245503730: 214
@!@!@ENDMSG 2221 @!@!@
@!@!@STARTMSG 2221:0 @!@!@
  |line 538, col 48 to line 538, col 52 of module raftModelPerf_JabinTasnimKhanURMY_0245503730: 214
@!@!@ENDMSG 2221 @!@!@
@!@!@STARTMSG 2221:0 @!@!@
  line 539, col 33 to line 539, col 71 of module raftModelPerf_JabinTasnimKhanURMY_0245503730: 156
@!@!@ENDMSG 2221 @!@!@
@!@!@STARTMSG 2221:0 @!@!@
  |line 539, col 33 to line 539, col 50 of module raftModelPerf_JabinTasnimKhanURMY_0245503730: 78
@!@!@ENDMSG 2221 @!@!@
@!@!@STARTMSG 2221:0 @!@!@
  |line 539, col 54 to line 539, col 71 of module raftModelPerf_JabinTasnimKhanURMY_0245503730: 78
@!@!@ENDMSG 2221 @!@!@
@!@!@STARTMSG 2221:0 @!@!@
  line 543, col 27 to line 544, col 61 of module raftModelPerf_JabinTasnimKhanURMY_0245503730: 78
@!@!@ENDMSG 2221 @!@!@
@!@!@STARTMSG 2221:0 @!@!@
  line 545, col 27 to line 552, col 35 of module raftModelPerf_JabinTasnimKhanURMY_0245503730: 78
@!@!@ENDMSG 2221 @!@!@
@!@!@STARTMSG 2221:0 @!@!@
  line 553, col 27 to line 553, col 80 of module raftModelPerf_JabinTasnimKhanURMY_0245503730: 78
@!@!@ENDMSG 2221 @!@!@
@!@!@STARTMSG 2221:0 @!@!@
  line 556, col 27 to line 556, col 45 of module raftModelPerf_JabinTasnimKhanURMY_0245503730: 214
@!@!@ENDMSG 2221 @!@!@
@!@!@STARTMSG 2221:0 @!@!@
  line 557, col 27 to line 557, col 46 of module raftModelPerf_JabinTasnimKhanURMY_0245503730: 214
@!@!@ENDMSG 2221 @!@!@
@!@!@STARTMSG 2221:0 @!@!@
  line 558, col 27 to line 558, col 66 of module raftModelPerf_JabinTasnimKhanURMY_0245503730: 78
@!@!@ENDMSG 2221 @!@!@
@!@!@STARTMSG 2221:0 @!@!@
  line 560, col 30 to line 560, col 62 of module raftModelPerf_JabinTasnimKhanURMY_0245503730: 0
@!@!@ENDMSG 2221 @!@!@
@!@!@STARTMSG 2221:0 @!@!@
  line 561, col 27 to line 561, col 98 of module raftModelPerf_JabinTasnimKhanURMY_0245503730: 0
@!@!@ENDMSG 2221 @!@!@
@!@!@STARTMSG 2221:0 @!@!@
  line 565, col 27 to line 565, col 45 of module raftModelPerf_JabinTasnimKhanURMY_0245503730: 350
@!@!@ENDMSG 2221 @!@!@
@!@!@STARTMSG 2221:0 @!@!@
  |line 565, col 27 to line 565, col 36 of module raftModelPerf_JabinTasnimKhanURMY_0245503730: 214
@!@!@ENDMSG 2221 @!@!@
@!@!@STARTMSG 2221:0 @!@!@
  |line 565, col 41 to line 565, col 45 of module raftModelPerf_JabinTasnimKhanURMY_0245503730: 214
@!@!@ENDMSG 2221 @!@!@
@!@!@STARTMSG 2221:0 @!@!@
  line 566, col 64 to line 566, col 86 of module raftModelPerf_JabinTasnimKhanURMY_0245503730: 343
@!@!@ENDMSG 2221 @!@!@
@!@!@STARTMSG 2221:0 @!@!@
  |line 566, col 64 to line 566, col 64 of module raftModelPerf_JabinTasnimKhanURMY_0245503730: 207
@!@!@ENDMSG 2221 @!@!@
@!@!@STARTMSG 2221:0 @!@!@
  |line 566, col 68 to line 566, col 86 of module raftModelPerf_JabinTasnimKhanURMY_0245503730: 207
@!@!@ENDMSG 2221 @!@!@
@!@!@STARTMSG 2221:0 @!@!@
  line 566, col 36 to line 566, col 61 of module raftModelPerf_JabinTasnimKhanURMY_0245503730: 214
@!@!@ENDMSG 2221 @!@!@
@!@!@STARTMSG 2221:0 @!@!@
  line 567, col 27 to line 567, col 55 of module raftModelPerf_JabinTasnimKhanURMY_0245503730: 272
@!@!@ENDMSG 2221 @!@!@
@!@!@STARTMSG 2221:0 @!@!@
  |line 567, col 27 to line 567, col 37 of module raftModelPerf_JabinTasnimKhanURMY_0245503730: 136
@!@!@ENDMSG 2221 @!@!@
@!@!@STARTMSG 2221:0 @!@!@
  |line 567, col 41 to line 567, col 55 of module raftModelPerf_JabinTasnimKhanURMY_0245503730: 136
@!@!@ENDMSG 2221 @!@!@
@!@!@STARTMSG 2221:0 @!@!@
  line 570, col 33 to line 570, col 80 of module raftModelPerf_JabinTasnimKhanURMY_0245503730: 136
@!@!@ENDMSG 2221 @!@!@
@!@!@STARTMSG 2221:0 @!@!@
  |line 570, col 40 to line 570, col 80 of module raftModelPerf_JabinTasnimKhanURMY_0245503730: 136
@!@!@ENDMSG 2221 @!@!@
@!@!@STARTMSG 2221:0 @!@!@
  ||line 570, col 41 to line 570, col 43 of module raftModelPerf_JabinTasnimKhanURMY_0245503730: 136
@!@!@ENDMSG 2221 @!@!@
@!@!@STARTMSG 2221:0 @!@!@
  ||line 570, col 52 to line 570, col 79 of module raftModelPerf_JabinTasnimKhanURMY_0245503730: 136
@!@!@ENDMSG 2221 @!@!@
@!@!@STARTMSG 2221:0 @!@!@
  ||line 570, col 59 to line 570, col 79 of module raftModelPerf_JabinTasnimKhanURMY_0245503730: 136
@!@!@ENDMSG 2221 @!@!@
@!@!@STARTMSG 2221:0 @!@!@
  |||line 570, col 66 to line 570, col 71 of module raftModelPerf_JabinTasnimKhanURMY_0245503730: 136
@!@!@ENDMSG 2221 @!@!@
@!@!@STARTMSG 2221:0 @!@!@
  |||line 570, col 74 to line 570, col 78 of module raftModelPerf_JabinTasnimKhanURMY_0245503730: 136
@!@!@ENDMSG 2221 @!@!@
@!@!@STARTMSG 2221:0 @!@!@
  ||||line 569, col 40 to line 569, col 60 of module raftModelPerf_JabinTasnimKhanURMY_0245503730: 136
@!@!@ENDMSG 2221 @!@!@
@!@!@STARTMSG 2221:0 @!@!@
  |||||line 569, col 40 to line 569, col 51 of module raftModelPerf_JabinTasnimKhanURMY_0245503730: 136
@!@!@ENDMSG 2221 @!@!@
@!@!@STARTMSG 2221:0 @!@!@
  |||||line 569, col 53 to line 569, col 59 of module raftModelPerf_JabinTasnimKhanURMY_0245503730: 136
@!@!@ENDMSG 2221 @!@!@
@!@!@STARTMSG 2221:0 @!@!@
  ||||||line 568, col 42 to line 568, col 166 of module raftModelPerf_JabinTasnimKhanURMY_0245503730: 136
@!@!@ENDMSG 2221 @!@!@
@!@!@STARTMSG 2221:0 @!@!@
  |||||||line 568, col 77 to line 568, col 166 of module raftModelPerf_JabinTasnimKhanURMY_0245503730: 192
@!@!@ENDMSG 2221 @!@!@
@!@!@STARTMSG 2221:0 @!@!@
  |||||||line 568, col 56 to line 568, col 74 of module raftModelPerf_JabinTasnimKhanURMY_0245503730: 136
@!@!@ENDMSG 2221 @!@!@
@!@!@STARTMSG 2221:0 @!@!@
  line 571, col 33 to line 571, col 124 of module raftModelPerf_JabinTasnimKhanURMY_0245503730: 136
@!@!@ENDMSG 2221 @!@!@
@!@!@STARTMSG 2221:0 @!@!@
  line 572, col 27 to line 572, col 73 of module raftModelPerf_JabinTasnimKhanURMY_0245503730: 136
@!@!@ENDMSG 2221 @!@!@
@!@!@STARTMSG 2221:0 @!@!@
  line 573, col 11 to line 573, col 183 of module raftModelPerf_JabinTasnimKhanURMY_0245503730: 214
@!@!@ENDMSG 2221 @!@!@
@!@!@STARTMSG 2221:0 @!@!@
  line 680, col 48 to line 680, col 48 of module raftModelPerf_JabinTasnimKhanURMY_0245503730: 214
@!@!@ENDMSG 2221 @!@!@
@!@!@STARTMSG 2221:0 @!@!@
  line 680, col 51 to line 680, col 51 of module raftModelPerf_JabinTasnimKhanURMY_0245503730: 78
@!@!@ENDMSG 2221 @!@!@
@!@!@STARTMSG 2221:0 @!@!@
  line 681, col 14 to line 681, col 44 of module raftModelPerf_JabinTasnimKhanURMY_0245503730: 447
@!@!@ENDMSG 2221 @!@!@
@!@!@STARTMSG 2221:0 @!@!@
  line 163, col 15 to line 163, col 53 of module raftModelPerf_JabinTasnimKhanURMY_0245503730: 0
@!@!@ENDMSG 2221 @!@!@
@!@!@STARTMSG 2221:0 @!@!@
  line 392, col 8 to line 392, col 119 of module raftModelPerf_JabinTasnimKhanURMY_0245503730: 0
@!@!@ENDMSG 2221 @!@!@
@!@!@STARTMSG 2221:0 @!@!@
  line 588, col 20 to line 588, col 80 of module raftModelPerf_JabinTasnimKhanURMY_0245503730: 0
@!@!@ENDMSG 2221 @!@!@
@!@!@STARTMSG 2221:0 @!@!@
  line 589, col 20 to line 589, col 76 of module raftModelPerf_JabinTasnimKhanURMY_0245503730: 0
@!@!@ENDMSG 2221 @!@!@
@!@!@STARTMSG 2221:0 @!@!@
  line 590, col 20 to line 595, col 42 of module raftModelPerf_JabinTasnimKhanURMY_0245503730: 0
@!@!@ENDMSG 2221 @!@!@
@!@!@STARTMSG 2221:0 @!@!@
  line 598, col 17 to line 599, col 61 of module raftModelPerf_JabinTasnimKhanURMY_0245503730: 0
@!@!@ENDMSG 2221 @!@!@
@!@!@STARTMSG 2221:0 @!@!@
  line 600, col 14 to line 600, col 55 of module raftModelPerf_JabinTasnimKhanURMY_0245503730: 0
@!@!@ENDMSG 2221 @!@!@
@!@!@STARTMSG 2221:0 @!@!@
  line 163, col 15 to line 163, col 53 of module raftModelPerf_JabinTasnimKhanURMY_0245503730: 0
@!@!@ENDMSG 2221 @!@!@
@!@!@STARTMSG 2221:0 @!@!@
  line 602, col 8 to line 602, col 105 of module raftModelPerf_JabinTasnimKhanURMY_0245503730: 0
@!@!@ENDMSG 2221 @!@!@
@!@!@STARTMSG 2221:0 @!@!@
  line 712, col 69 to line 712, col 69 of module raftModelPerf_JabinTasnimKhanURMY_0245503730: 447
@!@!@ENDMSG 2221 @!@!@
@!@!@STARTMSG 2775:0 @!@!@
  line 711, col 24 to line 712, col 57 of module raftModelPerf_JabinTasnimKhanURMY_0245503730: 543:990
@!@!@ENDMSG 2775 @!@!@
@!@!@STARTMSG 2221:0 @!@!@
  |line 712, col 21 to line 712, col 56 of module raftModelPerf_JabinTasnimKhanURMY_0245503730: 478
@!@!@ENDMSG 2221 @!@!@
@!@!@STARTMSG 2221:0 @!@!@
  |line 711, col 33 to line 711, col 54 of module raftModelPerf_JabinTasnimKhanURMY_0245503730: 543
@!@!@ENDMSG 2221 @!@!@
@!@!@STARTMSG 2775:0 @!@!@
  ||line 178, col 5 to line 178, col 43 of module raftModelPerf_JabinTasnimKhanURMY_0245503730: 543:1021
@!@!@ENDMSG 2775 @!@!@
@!@!@STARTMSG 2221:0 @!@!@
  |||line 178, col 31 to line 178, col 41 of module raftModelPerf_JabinTasnimKhanURMY_0245503730: 866
@!@!@ENDMSG 2221 @!@!@
@!@!@STARTMSG 2221:0 @!@!@
  |||line 178, col 13 to line 178, col 27 of module raftModelPerf_JabinTasnimKhanURMY_0245503730: 543
@!@!@ENDMSG 2221 @!@!@
@!@!@STARTMSG 2221:0 @!@!@
  ||line 711, col 46 to line 711, col 53 of module raftModelPerf_JabinTasnimKhanURMY_0245503730: 462
@!@!@ENDMSG 2221 @!@!@
@!@!@STARTMSG 2772:0 @!@!@
<MyNetAggNext line 702, col 1 to line 702, col 12 of module raftModelPerf_JabinTasnimKhanURMY_0245503730 (715 15 715 105)>: 135:187
@!@!@ENDMSG 2772 @!@!@
@!@!@STARTMSG 2221:0 @!@!@
  line 715, col 73 to line 715, col 78 of module raftModelPerf_JabinTasnimKhanURMY_0245503730: 3382
@!@!@ENDMSG 2221 @!@!@
@!@!@STARTMSG 2221:0 @!@!@
  |line 715, col 73 to line 715, col 73 of module raftModelPerf_JabinTasnimKhanURMY_0245503730: 3195
@!@!@ENDMSG 2221 @!@!@
@!@!@STARTMSG 2221:0 @!@!@
  |line 715, col 78 to line 715, col 78 of module raftModelPerf_JabinTasnimKhanURMY_0245503730: 3195
@!@!@ENDMSG 2221 @!@!@
@!@!@STARTMSG 2221:0 @!@!@
  line 466, col 8 to line 466, col 13 of module raftModelPerf_JabinTasnimKhanURMY_0245503730: 2317
@!@!@ENDMSG 2221 @!@!@
@!@!@STARTMSG 2221:0 @!@!@
  |line 466, col 8 to line 466, col 8 of module raftModelPerf_JabinTasnimKhanURMY_0245503730: 2130
@!@!@ENDMSG 2221 @!@!@
@!@!@STARTMSG 2221:0 @!@!@
  |line 466, col 13 to line 466, col 13 of module raftModelPerf_JabinTasnimKhanURMY_0245503730: 2130
@!@!@ENDMSG 2221 @!@!@
@!@!@STARTMSG 2221:0 @!@!@
  line 467, col 8 to line 467, col 24 of module raftModelPerf_JabinTasnimKhanURMY_0245503730: 2317
@!@!@ENDMSG 2221 @!@!@
@!@!@STARTMSG 2221:0 @!@!@
  |line 467, col 8 to line 467, col 15 of module raftModelPerf_JabinTasnimKhanURMY_0245503730: 2130
@!@!@ENDMSG 2221 @!@!@
@!@!@STARTMSG 2221:0 @!@!@
  |line 467, col 19 to line 467, col 24 of module raftModelPerf_JabinTasnimKhanURMY_0245503730: 2130
@!@!@ENDMSG 2221 @!@!@
@!@!@STARTMSG 2221:0 @!@!@
  line 468, col 8 to line 468, col 25 of module raftModelPerf_JabinTasnimKhanURMY_0245503730: 897
@!@!@ENDMSG 2221 @!@!@
@!@!@STARTMSG 2221:0 @!@!@
  |line 468, col 8 to line 468, col 17 of module raftModelPerf_JabinTasnimKhanURMY_0245503730: 710
@!@!@ENDMSG 2221 @!@!@
@!@!@STARTMSG 2221:0 @!@!@
  |line 468, col 22 to line 468, col 25 of module raftModelPerf_JabinTasnimKhanURMY_0245503730: 710
@!@!@ENDMSG 2221 @!@!@
@!@!@STARTMSG 2221:0 @!@!@
  line 469, col 8 to line 469, col 22 of module raftModelPerf_JabinTasnimKhanURMY_0245503730: 187
@!@!@ENDMSG 2221 @!@!@
@!@!@STARTMSG 2221:0 @!@!@
  |line 469, col 8 to line 469, col 18 of module raftModelPerf_JabinTasnimKhanURMY_0245503730: 710
@!@!@ENDMSG 2221 @!@!@
@!@!@STARTMSG 2221:0 @!@!@
  line 470, col 8 to line 470, col 40 of module raftModelPerf_JabinTasnimKhanURMY_0245503730: 187
@!@!@ENDMSG 2221 @!@!@
@!@!@STARTMSG 2221:0 @!@!@
  |line 470, col 8 to line 470, col 22 of module raftModelPerf_JabinTasnimKhanURMY_0245503730: 710
@!@!@ENDMSG 2221 @!@!@
@!@!@STARTMSG 2221:0 @!@!@
  |line 470, col 26 to line 470, col 40 of module raftModelPerf_JabinTasnimKhanURMY_0245503730: 710
@!@!@ENDMSG 2221 @!@!@
@!@!@STARTMSG 2221:0 @!@!@
  line 473, col 8 to line 473, col 42 of module raftModelPerf_JabinTasnimKhanURMY_0245503730: 833
@!@!@ENDMSG 2221 @!@!@
@!@!@STARTMSG 2221:0 @!@!@
  |line 473, col 8 to line 473, col 8 of module raftModelPerf_JabinTasnimKhanURMY_0245503730: 646
@!@!@ENDMSG 2221 @!@!@
@!@!@STARTMSG 2221:0 @!@!@
  |line 473, col 17 to line 473, col 42 of module raftModelPerf_JabinTasnimKhanURMY_0245503730: 646
@!@!@ENDMSG 2221 @!@!@
@!@!@STARTMSG 2221:0 @!@!@
  line 474, col 46 to line 474, col 71 of module raftModelPerf_JabinTasnimKhanURMY_0245503730: 538
@!@!@ENDMSG 2221 @!@!@
@!@!@STARTMSG 2221:0 @!@!@
  |line 474, col 46 to line 474, col 67 of module raftModelPerf_JabinTasnimKhanURMY_0245503730: 351
@!@!@ENDMSG 2221 @!@!@
@!@!@STARTMSG 2221:0 @!@!@
  |line 474, col 71 to line 474, col 71 of module raftModelPerf_JabinTasnimKhanURMY_0245503730: 351
@!@!@ENDMSG 2221 @!@!@
@!@!@STARTMSG 2221:0 @!@!@
  line 474, col 17 to line 474, col 42 of module raftModelPerf_JabinTasnimKhanURMY_0245503730: 403
@!@!@ENDMSG 2221 @!@!@
@!@!@STARTMSG 2221:0 @!@!@
  line 484, col 8 to line 489, col 23 of module raftModelPerf_JabinTasnimKhanURMY_0245503730: 187
@!@!@ENDMSG 2221 @!@!@
@!@!@STARTMSG 2221:0 @!@!@
  line 490, col 8 to line 490, col 199 of module raftModelPerf_JabinTasnimKhanURMY_0245503730: 187
@!@!@ENDMSG 2221 @!@!@
@!@!@STARTMSG 2221:0 @!@!@
  line 715, col 98 to line 715, col 98 of module raftModelPerf_JabinTasnimKhanURMY_0245503730: 2130
@!@!@ENDMSG 2221 @!@!@
@!@!@STARTMSG 2221:0 @!@!@
  line 715, col 101 to line 715, col 101 of module raftModelPerf_JabinTasnimKhanURMY_0245503730: 2130
@!@!@ENDMSG 2221 @!@!@
@!@!@STARTMSG 2221:0 @!@!@
  line 715, col 104 to line 715, col 104 of module raftModelPerf_JabinTasnimKhanURMY_0245503730: 710
@!@!@ENDMSG 2221 @!@!@
@!@!@STARTMSG 2221:0 @!@!@
  line 715, col 26 to line 715, col 32 of module raftModelPerf_JabinTasnimKhanURMY_0245503730: 540
@!@!@ENDMSG 2221 @!@!@
@!@!@STARTMSG 2221:0 @!@!@
  line 715, col 41 to line 715, col 70 of module raftModelPerf_JabinTasnimKhanURMY_0245503730: 540
@!@!@ENDMSG 2221 @!@!@
@!@!@STARTMSG 2772:0 @!@!@
<MyNetAggNext line 702, col 1 to line 702, col 12 of module raftModelPerf_JabinTasnimKhanURMY_0245503730 (717 15 718 71)>: 30:31
@!@!@ENDMSG 2772 @!@!@
@!@!@STARTMSG 2221:0 @!@!@
  line 323, col 8 to line 323, col 31 of module raftModelPerf_JabinTasnimKhanURMY_0245503730: 31
@!@!@ENDMSG 2221 @!@!@
@!@!@STARTMSG 2221:0 @!@!@
  line 325, col 8 to line 325, col 60 of module raftModelPerf_JabinTasnimKhanURMY_0245503730: 0
@!@!@ENDMSG 2221 @!@!@
@!@!@STARTMSG 2221:0 @!@!@
  line 326, col 8 to line 326, col 61 of module raftModelPerf_JabinTasnimKhanURMY_0245503730: 0
@!@!@ENDMSG 2221 @!@!@
@!@!@STARTMSG 2221:0 @!@!@
  line 327, col 8 to line 327, col 56 of module raftModelPerf_JabinTasnimKhanURMY_0245503730: 0
@!@!@ENDMSG 2221 @!@!@
@!@!@STARTMSG 2221:0 @!@!@
  line 329, col 8 to line 329, col 117 of module raftModelPerf_JabinTasnimKhanURMY_0245503730: 0
@!@!@ENDMSG 2221 @!@!@
@!@!@STARTMSG 2221:0 @!@!@
  line 669, col 22 to line 669, col 22 of module raftModelPerf_JabinTasnimKhanURMY_0245503730: 31
@!@!@ENDMSG 2221 @!@!@
@!@!@STARTMSG 2221:0 @!@!@
  line 670, col 14 to line 670, col 41 of module raftModelPerf_JabinTasnimKhanURMY_0245503730: 31
@!@!@ENDMSG 2221 @!@!@
@!@!@STARTMSG 2221:0 @!@!@
  line 357, col 24 to line 357, col 61 of module raftModelPerf_JabinTasnimKhanURMY_0245503730: 0
@!@!@ENDMSG 2221 @!@!@
@!@!@STARTMSG 2221:0 @!@!@
  line 358, col 24 to line 358, col 41 of module raftModelPerf_JabinTasnimKhanURMY_0245503730: 0
@!@!@ENDMSG 2221 @!@!@
@!@!@STARTMSG 2221:0 @!@!@
  line 168, col 5 to line 168, col 72 of module raftModelPerf_JabinTasnimKhanURMY_0245503730: 0
@!@!@ENDMSG 2221 @!@!@
@!@!@STARTMSG 2221:0 @!@!@
  line 368, col 11 to line 368, col 130 of module raftModelPerf_JabinTasnimKhanURMY_0245503730: 0
@!@!@ENDMSG 2221 @!@!@
@!@!@STARTMSG 2221:0 @!@!@
  line 672, col 14 to line 672, col 42 of module raftModelPerf_JabinTasnimKhanURMY_0245503730: 31
@!@!@ENDMSG 2221 @!@!@
@!@!@STARTMSG 2221:0 @!@!@
  line 163, col 15 to line 163, col 53 of module raftModelPerf_JabinTasnimKhanURMY_0245503730: 0
@!@!@ENDMSG 2221 @!@!@
@!@!@STARTMSG 2221:0 @!@!@
  line 392, col 8 to line 392, col 119 of module raftModelPerf_JabinTasnimKhanURMY_0245503730: 0
@!@!@ENDMSG 2221 @!@!@
@!@!@STARTMSG 2221:0 @!@!@
  line 376, col 8 to line 377, col 57 of module raftModelPerf_JabinTasnimKhanURMY_0245503730: 0
@!@!@ENDMSG 2221 @!@!@
@!@!@STARTMSG 2221:0 @!@!@
  line 379, col 14 to line 380, col 59 of module raftModelPerf_JabinTasnimKhanURMY_0245503730: 0
@!@!@ENDMSG 2221 @!@!@
@!@!@STARTMSG 2221:0 @!@!@
  line 381, col 14 to line 382, col 59 of module raftModelPerf_JabinTasnimKhanURMY_0245503730: 0
@!@!@ENDMSG 2221 @!@!@
@!@!@STARTMSG 2221:0 @!@!@
  line 384, col 14 to line 384, col 49 of module raftModelPerf_JabinTasnimKhanURMY_0245503730: 0
@!@!@ENDMSG 2221 @!@!@
@!@!@STARTMSG 2221:0 @!@!@
  line 163, col 15 to line 163, col 53 of module raftModelPerf_JabinTasnimKhanURMY_0245503730: 0
@!@!@ENDMSG 2221 @!@!@
@!@!@STARTMSG 2221:0 @!@!@
  line 386, col 8 to line 386, col 114 of module raftModelPerf_JabinTasnimKhanURMY_0245503730: 0
@!@!@ENDMSG 2221 @!@!@
@!@!@STARTMSG 2221:0 @!@!@
  line 675, col 14 to line 675, col 43 of module raftModelPerf_JabinTasnimKhanURMY_0245503730: 31
@!@!@ENDMSG 2221 @!@!@
@!@!@STARTMSG 2221:0 @!@!@
  line 498, col 8 to line 498, col 70 of module raftModelPerf_JabinTasnimKhanURMY_0245503730: 0
@!@!@ENDMSG 2221 @!@!@
@!@!@STARTMSG 2221:0 @!@!@
  line 163, col 15 to line 163, col 53 of module raftModelPerf_JabinTasnimKhanURMY_0245503730: 0
@!@!@ENDMSG 2221 @!@!@
@!@!@STARTMSG 2221:0 @!@!@
  line 500, col 8 to line 500, col 216 of module raftModelPerf_JabinTasnimKhanURMY_0245503730: 0
@!@!@ENDMSG 2221 @!@!@
@!@!@STARTMSG 2221:0 @!@!@
  line 678, col 14 to line 678, col 43 of module raftModelPerf_JabinTasnimKhanURMY_0245503730: 31
@!@!@ENDMSG 2221 @!@!@
@!@!@STARTMSG 2221:0 @!@!@
  line 168, col 5 to line 168, col 72 of module raftModelPerf_JabinTasnimKhanURMY_0245503730: 0
@!@!@ENDMSG 2221 @!@!@
@!@!@STARTMSG 2221:0 @!@!@
  line 524, col 17 to line 524, col 74 of module raftModelPerf_JabinTasnimKhanURMY_0245503730: 0
@!@!@ENDMSG 2221 @!@!@
@!@!@STARTMSG 2221:0 @!@!@
  line 528, col 17 to line 528, col 55 of module raftModelPerf_JabinTasnimKhanURMY_0245503730: 0
@!@!@ENDMSG 2221 @!@!@
@!@!@STARTMSG 2221:0 @!@!@
  line 529, col 17 to line 529, col 95 of module raftModelPerf_JabinTasnimKhanURMY_0245503730: 0
@!@!@ENDMSG 2221 @!@!@
@!@!@STARTMSG 2221:0 @!@!@
  line 543, col 27 to line 544, col 61 of module raftModelPerf_JabinTasnimKhanURMY_0245503730: 0
@!@!@ENDMSG 2221 @!@!@
@!@!@STARTMSG 2221:0 @!@!@
  line 168, col 5 to line 168, col 72 of module raftModelPerf_JabinTasnimKhanURMY_0245503730: 0
@!@!@ENDMSG 2221 @!@!@
@!@!@STARTMSG 2221:0 @!@!@
  line 553, col 27 to line 553, col 80 of module raftModelPerf_JabinTasnimKhanURMY_0245503730: 0
@!@!@ENDMSG 2221 @!@!@
@!@!@STARTMSG 2221:0 @!@!@
  line 560, col 30 to line 560, col 62 of module raftModelPerf_JabinTasnimKhanURMY_0245503730: 0
@!@!@ENDMSG 2221 @!@!@
@!@!@STARTMSG 2221:0 @!@!@
  line 561, col 27 to line 561, col 98 of module raftModelPerf_JabinTasnimKhanURMY_0245503730: 0
@!@!@ENDMSG 2221 @!@!@
@!@!@STARTMSG 2221:0 @!@!@
  line 570, col 33 to line 570, col 80 of module raftModelPerf_JabinTasnimKhanURMY_0245503730: 0
@!@!@ENDMSG 2221 @!@!@
@!@!@STARTMSG 2221:0 @!@!@
  line 571, col 33 to line 571, col 124 of module raftModelPerf_JabinTasnimKhanURMY_0245503730: 0
@!@!@ENDMSG 2221 @!@!@
@!@!@STARTMSG 2221:0 @!@!@
  line 572, col 27 to line 572, col 73 of module raftModelPerf_JabinTasnimKhanURMY_0245503730: 0
@!@!@ENDMSG 2221 @!@!@
@!@!@STARTMSG 2221:0 @!@!@
  line 573, col 11 to line 573, col 183 of module raftModelPerf_JabinTasnimKhanURMY_0245503730: 0
@!@!@ENDMSG 2221 @!@!@
@!@!@STARTMSG 2221:0 @!@!@
  line 681, col 14 to line 681, col 44 of module raftModelPerf_JabinTasnimKhanURMY_0245503730: 62
@!@!@ENDMSG 2221 @!@!@
@!@!@STARTMSG 2221:0 @!@!@
  |line 681, col 14 to line 681, col 20 of module raftModelPerf_JabinTasnimKhanURMY_0245503730: 31
@!@!@ENDMSG 2221 @!@!@
@!@!@STARTMSG 2221:0 @!@!@
  |line 681, col 24 to line 681, col 44 of module raftModelPerf_JabinTasnimKhanURMY_0245503730: 31
@!@!@ENDMSG 2221 @!@!@
@!@!@STARTMSG 2221:0 @!@!@
  line 390, col 8 to line 390, col 31 of module raftModelPerf_JabinTasnimKhanURMY_0245503730: 31
@!@!@ENDMSG 2221 @!@!@
@!@!@STARTMSG 2221:0 @!@!@
  line 163, col 15 to line 163, col 53 of module raftModelPerf_JabinTasnimKhanURMY_0245503730: 0
@!@!@ENDMSG 2221 @!@!@
@!@!@STARTMSG 2221:0 @!@!@
  line 392, col 8 to line 392, col 119 of module raftModelPerf_JabinTasnimKhanURMY_0245503730: 0
@!@!@ENDMSG 2221 @!@!@
@!@!@STARTMSG 2221:0 @!@!@
  line 682, col 35 to line 682, col 35 of module raftModelPerf_JabinTasnimKhanURMY_0245503730: 31
@!@!@ENDMSG 2221 @!@!@
@!@!@STARTMSG 2221:0 @!@!@
  line 579, col 8 to line 579, col 26 of module raftModelPerf_JabinTasnimKhanURMY_0245503730: 62
@!@!@ENDMSG 2221 @!@!@
@!@!@STARTMSG 2221:0 @!@!@
  |line 579, col 8 to line 579, col 17 of module raftModelPerf_JabinTasnimKhanURMY_0245503730: 31
@!@!@ENDMSG 2221 @!@!@
@!@!@STARTMSG 2221:0 @!@!@
  |line 579, col 21 to line 579, col 26 of module raftModelPerf_JabinTasnimKhanURMY_0245503730: 31
@!@!@ENDMSG 2221 @!@!@
@!@!@STARTMSG 2221:0 @!@!@
  line 580, col 14 to line 580, col 23 of module raftModelPerf_JabinTasnimKhanURMY_0245503730: 62
@!@!@ENDMSG 2221 @!@!@
@!@!@STARTMSG 2221:0 @!@!@
  |line 580, col 14 to line 580, col 14 of module raftModelPerf_JabinTasnimKhanURMY_0245503730: 31
@!@!@ENDMSG 2221 @!@!@
@!@!@STARTMSG 2221:0 @!@!@
  line 587, col 20 to line 587, col 43 of module raftModelPerf_JabinTasnimKhanURMY_0245503730: 62
@!@!@ENDMSG 2221 @!@!@
@!@!@STARTMSG 2221:0 @!@!@
  |line 587, col 20 to line 587, col 26 of module raftModelPerf_JabinTasnimKhanURMY_0245503730: 31
@!@!@ENDMSG 2221 @!@!@
@!@!@STARTMSG 2221:0 @!@!@
  |line 587, col 30 to line 587, col 43 of module raftModelPerf_JabinTasnimKhanURMY_0245503730: 31
@!@!@ENDMSG 2221 @!@!@
@!@!@STARTMSG 2221:0 @!@!@
  ||line 587, col 30 to line 587, col 40 of module raftModelPerf_JabinTasnimKhanURMY_0245503730: 31
@!@!@ENDMSG 2221 @!@!@
@!@!@STARTMSG 2221:0 @!@!@
  ||line 587, col 42 to line 587, col 42 of module raftModelPerf_JabinTasnimKhanURMY_0245503730: 31
@!@!@ENDMSG 2221 @!@!@
@!@!@STARTMSG 2221:0 @!@!@
  |||line 582, col 23 to line 582, col 60 of module raftModelPerf_JabinTasnimKhanURMY_0245503730: 31
@!@!@ENDMSG 2221 @!@!@
@!@!@STARTMSG 2221:0 @!@!@
  ||||line 582, col 44 to line 582, col 60 of module raftModelPerf_JabinTasnimKhanURMY_0245503730: 93
@!@!@ENDMSG 2221 @!@!@
@!@!@STARTMSG 2221:0 @!@!@
  ||||line 582, col 36 to line 582, col 41 of module raftModelPerf_JabinTasnimKhanURMY_0245503730: 31
@!@!@ENDMSG 2221 @!@!@
@!@!@STARTMSG 2221:0 @!@!@
  line 588, col 20 to line 588, col 80 of module raftModelPerf_JabinTasnimKhanURMY_0245503730: 31
@!@!@ENDMSG 2221 @!@!@
@!@!@STARTMSG 2221:0 @!@!@
  |line 588, col 34 to line 588, col 80 of module raftModelPerf_JabinTasnimKhanURMY_0245503730: 31
@!@!@ENDMSG 2221 @!@!@
@!@!@STARTMSG 2221:0 @!@!@
  ||line 588, col 35 to line 588, col 43 of module raftModelPerf_JabinTasnimKhanURMY_0245503730: 31
@!@!@ENDMSG 2221 @!@!@
@!@!@STARTMSG 2221:0 @!@!@
  ||line 588, col 55 to line 588, col 55 of module raftModelPerf_JabinTasnimKhanURMY_0245503730: 31
@!@!@ENDMSG 2221 @!@!@
@!@!@STARTMSG 2221:0 @!@!@
  |||line 582, col 23 to line 582, col 60 of module raftModelPerf_JabinTasnimKhanURMY_0245503730: 31
@!@!@ENDMSG 2221 @!@!@
@!@!@STARTMSG 2221:0 @!@!@
  ||||line 582, col 44 to line 582, col 60 of module raftModelPerf_JabinTasnimKhanURMY_0245503730: 93
@!@!@ENDMSG 2221 @!@!@
@!@!@STARTMSG 2221:0 @!@!@
  ||||line 582, col 36 to line 582, col 41 of module raftModelPerf_JabinTasnimKhanURMY_0245503730: 31
@!@!@ENDMSG 2221 @!@!@
@!@!@STARTMSG 2221:0 @!@!@
  ||line 588, col 58 to line 588, col 58 of module raftModelPerf_JabinTasnimKhanURMY_0245503730: 31
@!@!@ENDMSG 2221 @!@!@
@!@!@STARTMSG 2221:0 @!@!@
  ||line 588, col 63 to line 588, col 79 of module raftModelPerf_JabinTasnimKhanURMY_0245503730: 31
@!@!@ENDMSG 2221 @!@!@
@!@!@STARTMSG 2221:0 @!@!@
  line 589, col 20 to line 589, col 76 of module raftModelPerf_JabinTasnimKhanURMY_0245503730: 31
@!@!@ENDMSG 2221 @!@!@
@!@!@STARTMSG 2221:0 @!@!@
  |line 589, col 34 to line 589, col 76 of module raftModelPerf_JabinTasnimKhanURMY_0245503730: 31
@!@!@ENDMSG 2221 @!@!@
@!@!@STARTMSG 2221:0 @!@!@
  ||line 589, col 35 to line 589, col 44 of module raftModelPerf_JabinTasnimKhanURMY_0245503730: 31
@!@!@ENDMSG 2221 @!@!@
@!@!@STARTMSG 2221:0 @!@!@
  ||line 589, col 55 to line 589, col 55 of module raftModelPerf_JabinTasnimKhanURMY_0245503730: 31
@!@!@ENDMSG 2221 @!@!@
@!@!@STARTMSG 2221:0 @!@!@
  |||line 582, col 23 to line 582, col 60 of module raftModelPerf_JabinTasnimKhanURMY_0245503730: 31
@!@!@ENDMSG 2221 @!@!@
@!@!@STARTMSG 2221:0 @!@!@
  ||||line 582, col 44 to line 582, col 60 of module raftModelPerf_JabinTasnimKhanURMY_0245503730: 93
@!@!@ENDMSG 2221 @!@!@
@!@!@STARTMSG 2221:0 @!@!@
  ||||line 582, col 36 to line 582, col 41 of module raftModelPerf_JabinTasnimKhanURMY_0245503730: 31
@!@!@ENDMSG 2221 @!@!@
@!@!@STARTMSG 2221:0 @!@!@
  ||line 589, col 58 to line 589, col 58 of module raftModelPerf_JabinTasnimKhanURMY_0245503730: 31
@!@!@ENDMSG 2221 @!@!@
@!@!@STARTMSG 2221:0 @!@!@
  ||line 589, col 63 to line 589, col 75 of module raftModelPerf_JabinTasnimKhanURMY_0245503730: 31
@!@!@ENDMSG 2221 @!@!@
@!@!@STARTMSG 2221:0 @!@!@
  line 590, col 20 to line 595, col 42 of module raftModelPerf_JabinTasnimKhanURMY_0245503730: 31
@!@!@ENDMSG 2221 @!@!@
@!@!@STARTMSG 2221:0 @!@!@
  |line 591, col 22 to line 595, col 42 of module raftModelPerf_JabinTasnimKhanURMY_0245503730: 31
@!@!@ENDMSG 2221 @!@!@
@!@!@STARTMSG 2221:0 @!@!@
  ||line 591, col 25 to line 593, col 64 of module raftModelPerf_JabinTasnimKhanURMY_0245503730: 31
@!@!@ENDMSG 2221 @!@!@
@!@!@STARTMSG 2221:0 @!@!@
  |||line 591, col 28 to line 591, col 47 of module raftModelPerf_JabinTasnimKhanURMY_0245503730: 31
@!@!@ENDMSG 2221 @!@!@
@!@!@STARTMSG 2221:0 @!@!@
  ||||line 591, col 28 to line 591, col 35 of module raftModelPerf_JabinTasnimKhanURMY_0245503730: 31
@!@!@ENDMSG 2221 @!@!@
@!@!@STARTMSG 2221:0 @!@!@
  |||||line 584, col 30 to line 586, col 43 of module raftModelPerf_JabinTasnimKhanURMY_0245503730: 31
@!@!@ENDMSG 2221 @!@!@
@!@!@STARTMSG 2221:0 @!@!@
  ||||||line 584, col 33 to line 584, col 81 of module raftModelPerf_JabinTasnimKhanURMY_0245503730: 31
@!@!@ENDMSG 2221 @!@!@
@!@!@STARTMSG 2221:0 @!@!@
  |||||||line 584, col 33 to line 584, col 49 of module raftModelPerf_JabinTasnimKhanURMY_0245503730: 31
@!@!@ENDMSG 2221 @!@!@
@!@!@STARTMSG 2221:0 @!@!@
  |||||||line 584, col 54 to line 584, col 81 of module raftModelPerf_JabinTasnimKhanURMY_0245503730: 31
@!@!@ENDMSG 2221 @!@!@
@!@!@STARTMSG 2221:0 @!@!@
  ||||||||line 584, col 54 to line 584, col 66 of module raftModelPerf_JabinTasnimKhanURMY_0245503730: 31
@!@!@ENDMSG 2221 @!@!@
@!@!@STARTMSG 2221:0 @!@!@
  ||||||||line 584, col 71 to line 584, col 81 of module raftModelPerf_JabinTasnimKhanURMY_0245503730: 31
@!@!@ENDMSG 2221 @!@!@
@!@!@STARTMSG 2221:0 @!@!@
  |||||||||line 584, col 75 to line 584, col 80 of module raftModelPerf_JabinTasnimKhanURMY_0245503730: 31
@!@!@ENDMSG 2221 @!@!@
@!@!@STARTMSG 2221:0 @!@!@
  ||||||||||line 584, col 75 to line 584, col 77 of module raftModelPerf_JabinTasnimKhanURMY_0245503730: 31
@!@!@ENDMSG 2221 @!@!@
@!@!@STARTMSG 2221:0 @!@!@
  ||||||||||line 584, col 79 to line 584, col 79 of module raftModelPerf_JabinTasnimKhanURMY_0245503730: 31
@!@!@ENDMSG 2221 @!@!@
@!@!@STARTMSG 2221:0 @!@!@
  |||||||||||line 582, col 23 to line 582, col 60 of module raftModelPerf_JabinTasnimKhanURMY_0245503730: 31
@!@!@ENDMSG 2221 @!@!@
@!@!@STARTMSG 2221:0 @!@!@
  ||||||||||||line 582, col 44 to line 582, col 60 of module raftModelPerf_JabinTasnimKhanURMY_0245503730: 93
@!@!@ENDMSG 2221 @!@!@
@!@!@STARTMSG 2221:0 @!@!@
  ||||||||||||line 582, col 36 to line 582, col 41 of module raftModelPerf_JabinTasnimKhanURMY_0245503730: 31
@!@!@ENDMSG 2221 @!@!@
@!@!@STARTMSG 2221:0 @!@!@
  ||||||line 585, col 36 to line 585, col 80 of module raftModelPerf_JabinTasnimKhanURMY_0245503730: 31
@!@!@ENDMSG 2221 @!@!@
@!@!@STARTMSG 2221:0 @!@!@
  |||||||line 585, col 38 to line 585, col 50 of module raftModelPerf_JabinTasnimKhanURMY_0245503730: 31
@!@!@ENDMSG 2221 @!@!@
@!@!@STARTMSG 2221:0 @!@!@
  |||||||line 585, col 53 to line 585, col 78 of module raftModelPerf_JabinTasnimKhanURMY_0245503730: 31
@!@!@ENDMSG 2221 @!@!@
@!@!@STARTMSG 2221:0 @!@!@
  ||||||||line 585, col 53 to line 585, col 73 of module raftModelPerf_JabinTasnimKhanURMY_0245503730: 31
@!@!@ENDMSG 2221 @!@!@
@!@!@STARTMSG 2221:0 @!@!@
  |||||||||line 585, col 53 to line 585, col 58 of module raftModelPerf_JabinTasnimKhanURMY_0245503730: 31
@!@!@ENDMSG 2221 @!@!@
@!@!@STARTMSG 2221:0 @!@!@
  ||||||||||line 585, col 53 to line 585, col 55 of module raftModelPerf_JabinTasnimKhanURMY_0245503730: 31
@!@!@ENDMSG 2221 @!@!@
@!@!@STARTMSG 2221:0 @!@!@
  ||||||||||line 585, col 57 to line 585, col 57 of module raftModelPerf_JabinTasnimKhanURMY_0245503730: 31
@!@!@ENDMSG 2221 @!@!@
@!@!@STARTMSG 2221:0 @!@!@
  |||||||||||line 582, col 23 to line 582, col 60 of module raftModelPerf_JabinTasnimKhanURMY_0245503730: 31
@!@!@ENDMSG 2221 @!@!@
@!@!@STARTMSG 2221:0 @!@!@
  ||||||||||||line 582, col 44 to line 582, col 60 of module raftModelPerf_JabinTasnimKhanURMY_0245503730: 93
@!@!@ENDMSG 2221 @!@!@
@!@!@STARTMSG 2221:0 @!@!@
  ||||||||||||line 582, col 36 to line 582, col 41 of module raftModelPerf_JabinTasnimKhanURMY_0245503730: 31
@!@!@ENDMSG 2221 @!@!@
@!@!@STARTMSG 2221:0 @!@!@
  |||||||||line 585, col 60 to line 585, col 72 of module raftModelPerf_JabinTasnimKhanURMY_0245503730: 31
@!@!@ENDMSG 2221 @!@!@
@!@!@STARTMSG 2221:0 @!@!@
  ||||line 591, col 40 to line 591, col 47 of module raftModelPerf_JabinTasnimKhanURMY_0245503730: 31
@!@!@ENDMSG 2221 @!@!@
@!@!@STARTMSG 2221:0 @!@!@
  |||line 592, col 28 to line 592, col 63 of module raftModelPerf_JabinTasnimKhanURMY_0245503730: 31
@!@!@ENDMSG 2221 @!@!@
@!@!@STARTMSG 2221:0 @!@!@
  ||||line 592, col 28 to line 592, col 35 of module raftModelPerf_JabinTasnimKhanURMY_0245503730: 31
@!@!@ENDMSG 2221 @!@!@
@!@!@STARTMSG 2221:0 @!@!@
  |||||line 584, col 30 to line 586, col 43 of module raftModelPerf_JabinTasnimKhanURMY_0245503730: 31
@!@!@ENDMSG 2221 @!@!@
@!@!@STARTMSG 2221:0 @!@!@
  ||||||line 584, col 33 to line 584, col 81 of module raftModelPerf_JabinTasnimKhanURMY_0245503730: 31
@!@!@ENDMSG 2221 @!@!@
@!@!@STARTMSG 2221:0 @!@!@
  |||||||line 584, col 33 to line 584, col 49 of module raftModelPerf_JabinTasnimKhanURMY_0245503730: 31
@!@!@ENDMSG 2221 @!@!@
@!@!@STARTMSG 2221:0 @!@!@
  |||||||line 584, col 54 to line 584, col 81 of module raftModelPerf_JabinTasnimKhanURMY_0245503730: 31
@!@!@ENDMSG 2221 @!@!@
@!@!@STARTMSG 2221:0 @!@!@
  ||||||||line 584, col 54 to line 584, col 66 of module raftModelPerf_JabinTasnimKhanURMY_0245503730: 31
@!@!@ENDMSG 2221 @!@!@
@!@!@STARTMSG 2221:0 @!@!@
  ||||||||line 584, col 71 to line 584, col 81 of module raftModelPerf_JabinTasnimKhanURMY_0245503730: 31
@!@!@ENDMSG 2221 @!@!@
@!@!@STARTMSG 2221:0 @!@!@
  |||||||||line 584, col 75 to line 584, col 80 of module raftModelPerf_JabinTasnimKhanURMY_0245503730: 31
@!@!@ENDMSG 2221 @!@!@
@!@!@STARTMSG 2221:0 @!@!@
  ||||||||||line 584, col 75 to line 584, col 77 of module raftModelPerf_JabinTasnimKhanURMY_0245503730: 31
@!@!@ENDMSG 2221 @!@!@
@!@!@STARTMSG 2221:0 @!@!@
  ||||||||||line 584, col 79 to line 584, col 79 of module raftModelPerf_JabinTasnimKhanURMY_0245503730: 31
@!@!@ENDMSG 2221 @!@!@
@!@!@STARTMSG 2221:0 @!@!@
  |||||||||||line 582, col 23 to line 582, col 60 of module raftModelPerf_JabinTasnimKhanURMY_0245503730: 31
@!@!@ENDMSG 2221 @!@!@
@!@!@STARTMSG 2221:0 @!@!@
  ||||||||||||line 582, col 44 to line 582, col 60 of module raftModelPerf_JabinTasnimKhanURMY_0245503730: 93
@!@!@ENDMSG 2221 @!@!@
@!@!@STARTMSG 2221:0 @!@!@
  ||||||||||||line 582, col 36 to line 582, col 41 of module raftModelPerf_JabinTasnimKhanURMY_0245503730: 31
@!@!@ENDMSG 2221 @!@!@
@!@!@STARTMSG 2221:0 @!@!@
  ||||||line 585, col 36 to line 585, col 80 of module raftModelPerf_JabinTasnimKhanURMY_0245503730: 31
@!@!@ENDMSG 2221 @!@!@
@!@!@STARTMSG 2221:0 @!@!@
  |||||||line 585, col 38 to line 585, col 50 of module raftModelPerf_JabinTasnimKhanURMY_0245503730: 31
@!@!@ENDMSG 2221 @!@!@
@!@!@STARTMSG 2221:0 @!@!@
  |||||||line 585, col 53 to line 585, col 78 of module raftModelPerf_JabinTasnimKhanURMY_0245503730: 31
@!@!@ENDMSG 2221 @!@!@
@!@!@STARTMSG 2221:0 @!@!@
  ||||||||line 585, col 53 to line 585, col 73 of module raftModelPerf_JabinTasnimKhanURMY_0245503730: 31
@!@!@ENDMSG 2221 @!@!@
@!@!@STARTMSG 2221:0 @!@!@
  |||||||||line 585, col 53 to line 585, col 58 of module raftModelPerf_JabinTasnimKhanURMY_0245503730: 31
@!@!@ENDMSG 2221 @!@!@
@!@!@STARTMSG 2221:0 @!@!@
  ||||||||||line 585, col 53 to line 585, col 55 of module raftModelPerf_JabinTasnimKhanURMY_0245503730: 31
@!@!@ENDMSG 2221 @!@!@
@!@!@STARTMSG 2221:0 @!@!@
  ||||||||||line 585, col 57 to line 585, col 57 of module raftModelPerf_JabinTasnimKhanURMY_0245503730: 31
@!@!@ENDMSG 2221 @!@!@
@!@!@STARTMSG 2221:0 @!@!@
  |||||||||||line 582, col 23 to line 582, col 60 of module raftModelPerf_JabinTasnimKhanURMY_0245503730: 31
@!@!@ENDMSG 2221 @!@!@
@!@!@STARTMSG 2221:0 @!@!@
  ||||||||||||line 582, col 44 to line 582, col 60 of module raftModelPerf_JabinTasnimKhanURMY_0245503730: 93
@!@!@ENDMSG 2221 @!@!@
@!@!@STARTMSG 2221:0 @!@!@
  ||||||||||||line 582, col 36 to line 582, col 41 of module raftModelPerf_JabinTasnimKhanURMY_0245503730: 31
@!@!@ENDMSG 2221 @!@!@
@!@!@STARTMSG 2221:0 @!@!@
  |||||||||line 585, col 60 to line 585, col 72 of module raftModelPerf_JabinTasnimKhanURMY_0245503730: 31
@!@!@ENDMSG 2221 @!@!@
@!@!@STARTMSG 2221:0 @!@!@
  ||||line 592, col 41 to line 592, col 63 of module raftModelPerf_JabinTasnimKhanURMY_0245503730: 31
@!@!@ENDMSG 2221 @!@!@
@!@!@STARTMSG 2221:0 @!@!@
  |||line 593, col 28 to line 593, col 64 of module raftModelPerf_JabinTasnimKhanURMY_0245503730: 31
@!@!@ENDMSG 2221 @!@!@
@!@!@STARTMSG 2221:0 @!@!@
  ||||line 593, col 29 to line 593, col 64 of module raftModelPerf_JabinTasnimKhanURMY_0245503730: 31
@!@!@ENDMSG 2221 @!@!@
@!@!@STARTMSG 2221:0 @!@!@
  |||||line 593, col 29 to line 593, col 54 of module raftModelPerf_JabinTasnimKhanURMY_0245503730: 31
@!@!@ENDMSG 2221 @!@!@
@!@!@STARTMSG 2221:0 @!@!@
  ||||||line 593, col 29 to line 593, col 44 of module raftModelPerf_JabinTasnimKhanURMY_0245503730: 31
@!@!@ENDMSG 2221 @!@!@
@!@!@STARTMSG 2221:0 @!@!@
  ||||||line 593, col 46 to line 593, col 53 of module raftModelPerf_JabinTasnimKhanURMY_0245503730: 31
@!@!@ENDMSG 2221 @!@!@
@!@!@STARTMSG 2221:0 @!@!@
  |||||||line 584, col 30 to line 586, col 43 of module raftModelPerf_JabinTasnimKhanURMY_0245503730: 31
@!@!@ENDMSG 2221 @!@!@
@!@!@STARTMSG 2221:0 @!@!@
  ||||||||line 584, col 33 to line 584, col 81 of module raftModelPerf_JabinTasnimKhanURMY_0245503730: 31
@!@!@ENDMSG 2221 @!@!@
@!@!@STARTMSG 2221:0 @!@!@
  |||||||||line 584, col 33 to line 584, col 49 of module raftModelPerf_JabinTasnimKhanURMY_0245503730: 31
@!@!@ENDMSG 2221 @!@!@
@!@!@STARTMSG 2221:0 @!@!@
  |||||||||line 584, col 54 to line 584, col 81 of module raftModelPerf_JabinTasnimKhanURMY_0245503730: 31
@!@!@ENDMSG 2221 @!@!@
@!@!@STARTMSG 2221:0 @!@!@
  ||||||||||line 584, col 54 to line 584, col 66 of module raftModelPerf_JabinTasnimKhanURMY_0245503730: 31
@!@!@ENDMSG 2221 @!@!@
@!@!@STARTMSG 2221:0 @!@!@
  ||||||||||line 584, col 71 to line 584, col 81 of module raftModelPerf_JabinTasnimKhanURMY_0245503730: 31
@!@!@ENDMSG 2221 @!@!@
@!@!@STARTMSG 2221:0 @!@!@
  |||||||||||line 584, col 75 to line 584, col 80 of module raftModelPerf_JabinTasnimKhanURMY_0245503730: 31
@!@!@ENDMSG 2221 @!@!@
@!@!@STARTMSG 2221:0 @!@!@
  ||||||||||||line 584, col 75 to line 584, col 77 of module raftModelPerf_JabinTasnimKhanURMY_0245503730: 31
@!@!@ENDMSG 2221 @!@!@
@!@!@STARTMSG 2221:0 @!@!@
  ||||||||||||line 584, col 79 to line 584, col 79 of module raftModelPerf_JabinTasnimKhanURMY_0245503730: 31
@!@!@ENDMSG 2221 @!@!@
@!@!@STARTMSG 2221:0 @!@!@
  |||||||||||||line 582, col 23 to line 582, col 60 of module raftModelPerf_JabinTasnimKhanURMY_0245503730: 31
@!@!@ENDMSG 2221 @!@!@
@!@!@STARTMSG 2221:0 @!@!@
  ||||||||||||||line 582, col 44 to line 582, col 60 of module raftModelPerf_JabinTasnimKhanURMY_0245503730: 93
@!@!@ENDMSG 2221 @!@!@
@!@!@STARTMSG 2221:0 @!@!@
  ||||||||||||||line 582, col 36 to line 582, col 41 of module raftModelPerf_JabinTasnimKhanURMY_0245503730: 31
@!@!@ENDMSG 2221 @!@!@
@!@!@STARTMSG 2221:0 @!@!@
  ||||||||line 585, col 36 to line 585, col 80 of module raftModelPerf_JabinTasnimKhanURMY_0245503730: 31
@!@!@ENDMSG 2221 @!@!@
@!@!@STARTMSG 2221:0 @!@!@
  |||||||||line 585, col 38 to line 585, col 50 of module raftModelPerf_JabinTasnimKhanURMY_0245503730: 31
@!@!@ENDMSG 2221 @!@!@
@!@!@STARTMSG 2221:0 @!@!@
  |||||||||line 585, col 53 to line 585, col 78 of module raftModelPerf_JabinTasnimKhanURMY_0245503730: 31
@!@!@ENDMSG 2221 @!@!@
@!@!@STARTMSG 2221:0 @!@!@
  ||||||||||line 585, col 53 to line 585, col 73 of module raftModelPerf_JabinTasnimKhanURMY_0245503730: 31
@!@!@ENDMSG 2221 @!@!@
@!@!@STARTMSG 2221:0 @!@!@
  |||||||||||line 585, col 53 to line 585, col 58 of module raftModelPerf_JabinTasnimKhanURMY_0245503730: 31
@!@!@ENDMSG 2221 @!@!@
@!@!@STARTMSG 2221:0 @!@!@
  ||||||||||||line 585, col 53 to line 585, col 55 of module raftModelPerf_JabinTasnimKhanURMY_0245503730: 31
@!@!@ENDMSG 2221 @!@!@
@!@!@STARTMSG 2221:0 @!@!@
  ||||||||||||line 585, col 57 to line 585, col 57 of module raftModelPerf_JabinTasnimKhanURMY_0245503730: 31
@!@!@ENDMSG 2221 @!@!@
@!@!@STARTMSG 2221:0 @!@!@
  |||||||||||||line 582, col 23 to line 582, col 60 of module raftModelPerf_JabinTasnimKhanURMY_0245503730: 31
@!@!@ENDMSG 2221 @!@!@
@!@!@STARTMSG 2221:0 @!@!@
  ||||||||||||||line 582, col 44 to line 582, col 60 of module raftModelPerf_JabinTasnimKhanURMY_0245503730: 93
@!@!@ENDMSG 2221 @!@!@
@!@!@STARTMSG 2221:0 @!@!@
  ||||||||||||||line 582, col 36 to line 582, col 41 of module raftModelPerf_JabinTasnimKhanURMY_0245503730: 31
@!@!@ENDMSG 2221 @!@!@
@!@!@STARTMSG 2221:0 @!@!@
  |||||||||||line 585, col 60 to line 585, col 72 of module raftModelPerf_JabinTasnimKhanURMY_0245503730: 31
@!@!@ENDMSG 2221 @!@!@
@!@!@STARTMSG 2221:0 @!@!@
  ||line 594, col 27 to line 594, col 80 of module raftModelPerf_JabinTasnimKhanURMY_0245503730: 31
@!@!@ENDMSG 2221 @!@!@
@!@!@STARTMSG 2221:0 @!@!@
  |||line 594, col 28 to line 594, col 43 of module raftModelPerf_JabinTasnimKhanURMY_0245503730: 31
@!@!@ENDMSG 2221 @!@!@
@!@!@STARTMSG 2221:0 @!@!@
  |||line 594, col 54 to line 594, col 61 of module raftModelPerf_JabinTasnimKhanURMY_0245503730: 31
@!@!@ENDMSG 2221 @!@!@
@!@!@STARTMSG 2221:0 @!@!@
  ||||line 584, col 30 to line 586, col 43 of module raftModelPerf_JabinTasnimKhanURMY_0245503730: 31
@!@!@ENDMSG 2221 @!@!@
@!@!@STARTMSG 2221:0 @!@!@
  |||||line 584, col 33 to line 584, col 81 of module raftModelPerf_JabinTasnimKhanURMY_0245503730: 31
@!@!@ENDMSG 2221 @!@!@
@!@!@STARTMSG 2221:0 @!@!@
  ||||||line 584, col 33 to line 584, col 49 of module raftModelPerf_JabinTasnimKhanURMY_0245503730: 31
@!@!@ENDMSG 2221 @!@!@
@!@!@STARTMSG 2221:0 @!@!@
  ||||||line 584, col 54 to line 584, col 81 of module raftModelPerf_JabinTasnimKhanURMY_0245503730: 31
@!@!@ENDMSG 2221 @!@!@
@!@!@STARTMSG 2221:0 @!@!@
  |||||||line 584, col 54 to line 584, col 66 of module raftModelPerf_JabinTasnimKhanURMY_0245503730: 31
@!@!@ENDMSG 2221 @!@!@
@!@!@STARTMSG 2221:0 @!@!@
  |||||||line 584, col 71 to line 584, col 81 of module raftModelPerf_JabinTasnimKhanURMY_0245503730: 31
@!@!@ENDMSG 2221 @!@!@
@!@!@STARTMSG 2221:0 @!@!@
  ||||||||line 584, col 75 to line 584, col 80 of module raftModelPerf_JabinTasnimKhanURMY_0245503730: 31
@!@!@ENDMSG 2221 @!@!@
@!@!@STARTMSG 2221:0 @!@!@
  |||||||||line 584, col 75 to line 584, col 77 of module raftModelPerf_JabinTasnimKhanURMY_0245503730: 31
@!@!@ENDMSG 2221 @!@!@
@!@!@STARTMSG 2221:0 @!@!@
  |||||||||line 584, col 79 to line 584, col 79 of module raftModelPerf_JabinTasnimKhanURMY_0245503730: 31
@!@!@ENDMSG 2221 @!@!@
@!@!@STARTMSG 2221:0 @!@!@
  ||||||||||line 582, col 23 to line 582, col 60 of module raftModelPerf_JabinTasnimKhanURMY_0245503730: 31
@!@!@ENDMSG 2221 @!@!@
@!@!@STARTMSG 2221:0 @!@!@
  |||||||||||line 582, col 44 to line 582, col 60 of module raftModelPerf_JabinTasnimKhanURMY_0245503730: 93
@!@!@ENDMSG 2221 @!@!@
@!@!@STARTMSG 2221:0 @!@!@
  |||||||||||line 582, col 36 to line 582, col 41 of module raftModelPerf_JabinTasnimKhanURMY_0245503730: 31
@!@!@ENDMSG 2221 @!@!@
@!@!@STARTMSG 2221:0 @!@!@
  |||||line 585, col 36 to line 585, col 80 of module raftModelPerf_JabinTasnimKhanURMY_0245503730: 31
@!@!@ENDMSG 2221 @!@!@
@!@!@STARTMSG 2221:0 @!@!@
  ||||||line 585, col 38 to line 585, col 50 of module raftModelPerf_JabinTasnimKhanURMY_0245503730: 31
@!@!@ENDMSG 2221 @!@!@
@!@!@STARTMSG 2221:0 @!@!@
  ||||||line 585, col 53 to line 585, col 78 of module raftModelPerf_JabinTasnimKhanURMY_0245503730: 31
@!@!@ENDMSG 2221 @!@!@
@!@!@STARTMSG 2221:0 @!@!@
  |||||||line 585, col 53 to line 585, col 73 of module raftModelPerf_JabinTasnimKhanURMY_0245503730: 31
@!@!@ENDMSG 2221 @!@!@
@!@!@STARTMSG 2221:0 @!@!@
  ||||||||line 585, col 53 to line 585, col 58 of module raftModelPerf_JabinTasnimKhanURMY_0245503730: 31
@!@!@ENDMSG 2221 @!@!@
@!@!@STARTMSG 2221:0 @!@!@
  |||||||||line 585, col 53 to line 585, col 55 of module raftModelPerf_JabinTasnimKhanURMY_0245503730: 31
@!@!@ENDMSG 2221 @!@!@
@!@!@STARTMSG 2221:0 @!@!@
  |||||||||line 585, col 57 to line 585, col 57 of module raftModelPerf_JabinTasnimKhanURMY_0245503730: 31
@!@!@ENDMSG 2221 @!@!@
@!@!@STARTMSG 2221:0 @!@!@
  ||||||||||line 582, col 23 to line 582, col 60 of module raftModelPerf_JabinTasnimKhanURMY_0245503730: 31
@!@!@ENDMSG 2221 @!@!@
@!@!@STARTMSG 2221:0 @!@!@
  |||||||||||line 582, col 44 to line 582, col 60 of module raftModelPerf_JabinTasnimKhanURMY_0245503730: 93
@!@!@ENDMSG 2221 @!@!@
@!@!@STARTMSG 2221:0 @!@!@
  |||||||||||line 582, col 36 to line 582, col 41 of module raftModelPerf_JabinTasnimKhanURMY_0245503730: 31
@!@!@ENDMSG 2221 @!@!@
@!@!@STARTMSG 2221:0 @!@!@
  ||||||||line 585, col 60 to line 585, col 72 of module raftModelPerf_JabinTasnimKhanURMY_0245503730: 31
@!@!@ENDMSG 2221 @!@!@
@!@!@STARTMSG 2221:0 @!@!@
  |||line 594, col 75 to line 594, col 79 of module raftModelPerf_JabinTasnimKhanURMY_0245503730: 31
@!@!@ENDMSG 2221 @!@!@
@!@!@STARTMSG 2221:0 @!@!@
  line 596, col 14 to line 596, col 29 of module raftModelPerf_JabinTasnimKhanURMY_0245503730: 31
@!@!@ENDMSG 2221 @!@!@
@!@!@STARTMSG 2221:0 @!@!@
  line 598, col 17 to line 599, col 61 of module raftModelPerf_JabinTasnimKhanURMY_0245503730: 0
@!@!@ENDMSG 2221 @!@!@
@!@!@STARTMSG 2221:0 @!@!@
  line 600, col 14 to line 600, col 55 of module raftModelPerf_JabinTasnimKhanURMY_0245503730: 0
@!@!@ENDMSG 2221 @!@!@
@!@!@STARTMSG 2221:0 @!@!@
  line 601, col 8 to line 601, col 17 of module raftModelPerf_JabinTasnimKhanURMY_0245503730: 31
@!@!@ENDMSG 2221 @!@!@
@!@!@STARTMSG 2221:0 @!@!@
  line 602, col 8 to line 602, col 105 of module raftModelPerf_JabinTasnimKhanURMY_0245503730: 31
@!@!@ENDMSG 2221 @!@!@
@!@!@STARTMSG 2221:0 @!@!@
  line 683, col 52 to line 683, col 52 of module raftModelPerf_JabinTasnimKhanURMY_0245503730: 31
@!@!@ENDMSG 2221 @!@!@
@!@!@STARTMSG 2221:0 @!@!@
  line 683, col 55 to line 683, col 55 of module raftModelPerf_JabinTasnimKhanURMY_0245503730: 31
@!@!@ENDMSG 2221 @!@!@
@!@!@STARTMSG 2221:0 @!@!@
  line 718, col 70 to line 718, col 70 of module raftModelPerf_JabinTasnimKhanURMY_0245503730: 31
@!@!@ENDMSG 2221 @!@!@
@!@!@STARTMSG 2775:0 @!@!@
  line 717, col 24 to line 718, col 58 of module raftModelPerf_JabinTasnimKhanURMY_0245503730: 539:570
@!@!@ENDMSG 2775 @!@!@
@!@!@STARTMSG 2221:0 @!@!@
  |line 718, col 21 to line 718, col 57 of module raftModelPerf_JabinTasnimKhanURMY_0245503730: 475
@!@!@ENDMSG 2221 @!@!@
@!@!@STARTMSG 2221:0 @!@!@
  |line 717, col 33 to line 717, col 54 of module raftModelPerf_JabinTasnimKhanURMY_0245503730: 539
@!@!@ENDMSG 2221 @!@!@
@!@!@STARTMSG 2775:0 @!@!@
  ||line 178, col 5 to line 178, col 43 of module raftModelPerf_JabinTasnimKhanURMY_0245503730: 539:1014
@!@!@ENDMSG 2775 @!@!@
@!@!@STARTMSG 2221:0 @!@!@
  |||line 178, col 31 to line 178, col 41 of module raftModelPerf_JabinTasnimKhanURMY_0245503730: 860
@!@!@ENDMSG 2221 @!@!@
@!@!@STARTMSG 2221:0 @!@!@
  |||line 178, col 13 to line 178, col 27 of module raftModelPerf_JabinTasnimKhanURMY_0245503730: 539
@!@!@ENDMSG 2221 @!@!@
@!@!@STARTMSG 2221:0 @!@!@
  ||line 717, col 46 to line 717, col 53 of module raftModelPerf_JabinTasnimKhanURMY_0245503730: 458
@!@!@ENDMSG 2221 @!@!@
@!@!@STARTMSG 2774:0 @!@!@
<MoreThanOneLeaderInv line 730, col 1 to line 730, col 20 of module raftModelPerf_JabinTasnimKhanURMY_0245503730>
@!@!@ENDMSG 2774 @!@!@
@!@!@STARTMSG 2221:0 @!@!@
  line 731, col 5 to line 735, col 16 of module raftModelPerf_JabinTasnimKhanURMY_0245503730: 693
@!@!@ENDMSG 2221 @!@!@
@!@!@STARTMSG 2221:0 @!@!@
  |line 732, col 9 to line 735, col 16 of module raftModelPerf_JabinTasnimKhanURMY_0245503730: 17325
@!@!@ENDMSG 2221 @!@!@
@!@!@STARTMSG 2221:0 @!@!@
  ||line 732, col 10 to line 734, col 29 of module raftModelPerf_JabinTasnimKhanURMY_0245503730: 17325
@!@!@ENDMSG 2221 @!@!@
@!@!@STARTMSG 2221:0 @!@!@
  |||line 732, col 13 to line 732, col 43 of module raftModelPerf_JabinTasnimKhanURMY_0245503730: 17325
@!@!@ENDMSG 2221 @!@!@
@!@!@STARTMSG 2221:0 @!@!@
  |||line 733, col 13 to line 733, col 29 of module raftModelPerf_JabinTasnimKhanURMY_0245503730: 17325
@!@!@ENDMSG 2221 @!@!@
@!@!@STARTMSG 2221:0 @!@!@
  |||line 734, col 13 to line 734, col 29 of module raftModelPerf_JabinTasnimKhanURMY_0245503730: 3465
@!@!@ENDMSG 2221 @!@!@
@!@!@STARTMSG 2221:0 @!@!@
  ||line 735, col 12 to line 735, col 16 of module raftModelPerf_JabinTasnimKhanURMY_0245503730: 693
@!@!@ENDMSG 2221 @!@!@
@!@!@STARTMSG 2221:0 @!@!@
  |line 731, col 16 to line 731, col 21 of module raftModelPerf_JabinTasnimKhanURMY_0245503730: 693
@!@!@ENDMSG 2221 @!@!@
@!@!@STARTMSG 2774:0 @!@!@
<LogMatchingInv line 739, col 1 to line 739, col 14 of module raftModelPerf_JabinTasnimKhanURMY_0245503730>
@!@!@ENDMSG 2774 @!@!@
@!@!@STARTMSG 2221:0 @!@!@
  line 740, col 5 to line 743, col 51 of module raftModelPerf_JabinTasnimKhanURMY_0245503730: 693
@!@!@ENDMSG 2221 @!@!@
@!@!@STARTMSG 2221:0 @!@!@
  |line 740, col 27 to line 743, col 51 of module raftModelPerf_JabinTasnimKhanURMY_0245503730: 6237
@!@!@ENDMSG 2221 @!@!@
@!@!@STARTMSG 2221:0 @!@!@
  ||line 740, col 27 to line 740, col 32 of module raftModelPerf_JabinTasnimKhanURMY_0245503730: 6237
@!@!@ENDMSG 2221 @!@!@
@!@!@STARTMSG 2221:0 @!@!@
  ||line 741, col 9 to line 743, col 51 of module raftModelPerf_JabinTasnimKhanURMY_0245503730: 4158
@!@!@ENDMSG 2221 @!@!@
@!@!@STARTMSG 2221:0 @!@!@
  |||line 742, col 13 to line 743, col 51 of module raftModelPerf_JabinTasnimKhanURMY_0245503730: 512
@!@!@ENDMSG 2221 @!@!@
@!@!@STARTMSG 2221:0 @!@!@
  |||line 741, col 18 to line 741, col 49 of module raftModelPerf_JabinTasnimKhanURMY_0245503730: 4158
@!@!@ENDMSG 2221 @!@!@
@!@!@STARTMSG 2221:0 @!@!@
  ||||line 741, col 21 to line 741, col 49 of module raftModelPerf_JabinTasnimKhanURMY_0245503730: 4158
@!@!@ENDMSG 2221 @!@!@
@!@!@STARTMSG 2221:0 @!@!@
  |||||line 175, col 14 to line 175, col 35 of module raftModelPerf_JabinTasnimKhanURMY_0245503730: 4158
@!@!@ENDMSG 2221 @!@!@
@!@!@STARTMSG 2221:0 @!@!@
  ||||||line 175, col 17 to line 175, col 21 of module raftModelPerf_JabinTasnimKhanURMY_0245503730: 4158
@!@!@ENDMSG 2221 @!@!@
@!@!@STARTMSG 2221:0 @!@!@
  ||||||line 175, col 28 to line 175, col 28 of module raftModelPerf_JabinTasnimKhanURMY_0245503730: 1245
@!@!@ENDMSG 2221 @!@!@
@!@!@STARTMSG 2221:0 @!@!@
  ||||||line 175, col 35 to line 175, col 35 of module raftModelPerf_JabinTasnimKhanURMY_0245503730: 2913
@!@!@ENDMSG 2221 @!@!@
@!@!@STARTMSG 2221:0 @!@!@
  |||||line 741, col 25 to line 741, col 35 of module raftModelPerf_JabinTasnimKhanURMY_0245503730: 4158
@!@!@ENDMSG 2221 @!@!@
@!@!@STARTMSG 2221:0 @!@!@
  |||||line 741, col 38 to line 741, col 48 of module raftModelPerf_JabinTasnimKhanURMY_0245503730: 4158
@!@!@ENDMSG 2221 @!@!@
@!@!@STARTMSG 2221:0 @!@!@
  |line 740, col 17 to line 740, col 23 of module raftModelPerf_JabinTasnimKhanURMY_0245503730: 693
@!@!@ENDMSG 2221 @!@!@
@!@!@STARTMSG 2774:0 @!@!@
<inv_1748203768850168000 line 25, col 1 to line 25, col 23 of module MC>
@!@!@ENDMSG 2774 @!@!@
@!@!@STARTMSG 2221:0 @!@!@
  line 26, col 2 to line 26, col 22 of module MC: 693
@!@!@ENDMSG 2221 @!@!@
@!@!@STARTMSG 2221:0 @!@!@
  |line 749, col 5 to line 752, col 72 of module raftModelPerf_JabinTasnimKhanURMY_0245503730: 693
@!@!@ENDMSG 2221 @!@!@
@!@!@STARTMSG 2221:0 @!@!@
  ||line 750, col 9 to line 752, col 72 of module raftModelPerf_JabinTasnimKhanURMY_0245503730: 2079
@!@!@ENDMSG 2221 @!@!@
@!@!@STARTMSG 2221:0 @!@!@
  |||line 750, col 9 to line 750, col 25 of module raftModelPerf_JabinTasnimKhanURMY_0245503730: 2079
@!@!@ENDMSG 2221 @!@!@
@!@!@STARTMSG 2221:0 @!@!@
  |||line 751, col 9 to line 752, col 72 of module raftModelPerf_JabinTasnimKhanURMY_0245503730: 693
@!@!@ENDMSG 2221 @!@!@
@!@!@STARTMSG 2221:0 @!@!@
  ||||line 751, col 28 to line 752, col 72 of module raftModelPerf_JabinTasnimKhanURMY_0245503730: 2079
@!@!@ENDMSG 2221 @!@!@
@!@!@STARTMSG 2221:0 @!@!@
  |||||line 751, col 28 to line 751, col 33 of module raftModelPerf_JabinTasnimKhanURMY_0245503730: 2079
@!@!@ENDMSG 2221 @!@!@
@!@!@STARTMSG 2221:0 @!@!@
  |||||line 752, col 13 to line 752, col 72 of module raftModelPerf_JabinTasnimKhanURMY_0245503730: 1386
@!@!@ENDMSG 2221 @!@!@
@!@!@STARTMSG 2221:0 @!@!@
  ||||||line 195, col 5 to line 196, col 48 of module raftModelPerf_JabinTasnimKhanURMY_0245503730: 1386
@!@!@ENDMSG 2221 @!@!@
@!@!@STARTMSG 2221:0 @!@!@
  ||||||line 752, col 27 to line 752, col 64 of module raftModelPerf_JabinTasnimKhanURMY_0245503730: 1386
@!@!@ENDMSG 2221 @!@!@
@!@!@STARTMSG 2221:0 @!@!@
  |||||||line 183, col 5 to line 192, col 14 of module raftModelPerf_JabinTasnimKhanURMY_0245503730: 1386
@!@!@ENDMSG 2221 @!@!@
@!@!@STARTMSG 2221:0 @!@!@
  ||||||||line 183, col 8 to line 183, col 71 of module raftModelPerf_JabinTasnimKhanURMY_0245503730: 1386
@!@!@ENDMSG 2221 @!@!@
@!@!@STARTMSG 2221:0 @!@!@
  |||||||||line 183, col 8 to line 183, col 23 of module raftModelPerf_JabinTasnimKhanURMY_0245503730: 1386
@!@!@ENDMSG 2221 @!@!@
@!@!@STARTMSG 2221:0 @!@!@
  |||||||||line 183, col 28 to line 183, col 71 of module raftModelPerf_JabinTasnimKhanURMY_0245503730: 250
@!@!@ENDMSG 2221 @!@!@
@!@!@STARTMSG 2221:0 @!@!@
  ||||||||line 187, col 11 to line 189, col 70 of module raftModelPerf_JabinTasnimKhanURMY_0245503730: 250
@!@!@ENDMSG 2221 @!@!@
@!@!@STARTMSG 2221:0 @!@!@
  ||||||||line 190, col 10 to line 190, col 61 of module raftModelPerf_JabinTasnimKhanURMY_0245503730: 250
@!@!@ENDMSG 2221 @!@!@
@!@!@STARTMSG 2221:0 @!@!@
  ||||||||line 192, col 10 to line 192, col 14 of module raftModelPerf_JabinTasnimKhanURMY_0245503730: 1136
@!@!@ENDMSG 2221 @!@!@
@!@!@STARTMSG 2221:0 @!@!@
  |||||||line 752, col 47 to line 752, col 47 of module raftModelPerf_JabinTasnimKhanURMY_0245503730: 1386
@!@!@ENDMSG 2221 @!@!@
@!@!@STARTMSG 2221:0 @!@!@
  |||||||line 752, col 50 to line 752, col 63 of module raftModelPerf_JabinTasnimKhanURMY_0245503730: 250
@!@!@ENDMSG 2221 @!@!@
@!@!@STARTMSG 2221:0 @!@!@
  ||||||line 752, col 66 to line 752, col 71 of module raftModelPerf_JabinTasnimKhanURMY_0245503730: 1386
@!@!@ENDMSG 2221 @!@!@
@!@!@STARTMSG 2221:0 @!@!@
  ||||line 751, col 18 to line 751, col 24 of module raftModelPerf_JabinTasnimKhanURMY_0245503730: 693
@!@!@ENDMSG 2221 @!@!@
@!@!@STARTMSG 2221:0 @!@!@
  ||line 749, col 14 to line 749, col 20 of module raftModelPerf_JabinTasnimKhanURMY_0245503730: 693
@!@!@ENDMSG 2221 @!@!@
@!@!@STARTMSG 2774:0 @!@!@
<LogInv line 756, col 1 to line 756, col 6 of module raftModelPerf_JabinTasnimKhanURMY_0245503730>
@!@!@ENDMSG 2774 @!@!@
@!@!@STARTMSG 2221:0 @!@!@
  line 757, col 5 to line 759, col 51 of module raftModelPerf_JabinTasnimKhanURMY_0245503730: 693
@!@!@ENDMSG 2221 @!@!@
@!@!@STARTMSG 2221:0 @!@!@
  |line 758, col 9 to line 759, col 51 of module raftModelPerf_JabinTasnimKhanURMY_0245503730: 6237
@!@!@ENDMSG 2221 @!@!@
@!@!@STARTMSG 2221:0 @!@!@
  ||line 758, col 12 to line 758, col 51 of module raftModelPerf_JabinTasnimKhanURMY_0245503730: 6237
@!@!@ENDMSG 2221 @!@!@
@!@!@STARTMSG 2221:0 @!@!@
  |||line 195, col 5 to line 196, col 48 of module raftModelPerf_JabinTasnimKhanURMY_0245503730: 6237
@!@!@ENDMSG 2221 @!@!@
@!@!@STARTMSG 2221:0 @!@!@
  ||||line 195, col 8 to line 195, col 29 of module raftModelPerf_JabinTasnimKhanURMY_0245503730: 6237
@!@!@ENDMSG 2221 @!@!@
@!@!@STARTMSG 2221:0 @!@!@
  ||||line 196, col 8 to line 196, col 48 of module raftModelPerf_JabinTasnimKhanURMY_0245503730: 6221
@!@!@ENDMSG 2221 @!@!@
@!@!@STARTMSG 2221:0 @!@!@
  |||||line 196, col 32 to line 196, col 48 of module raftModelPerf_JabinTasnimKhanURMY_0245503730: 8
@!@!@ENDMSG 2221 @!@!@
@!@!@STARTMSG 2221:0 @!@!@
  |||||line 196, col 17 to line 196, col 28 of module raftModelPerf_JabinTasnimKhanURMY_0245503730: 6221
@!@!@ENDMSG 2221 @!@!@
@!@!@STARTMSG 2221:0 @!@!@
  |||line 758, col 26 to line 758, col 37 of module raftModelPerf_JabinTasnimKhanURMY_0245503730: 6237
@!@!@ENDMSG 2221 @!@!@
@!@!@STARTMSG 2221:0 @!@!@
  ||||line 200, col 5 to line 202, col 40 of module raftModelPerf_JabinTasnimKhanURMY_0245503730: 6237
@!@!@ENDMSG 2221 @!@!@
@!@!@STARTMSG 2221:0 @!@!@
  |||||line 200, col 8 to line 200, col 25 of module raftModelPerf_JabinTasnimKhanURMY_0245503730: 6237
@!@!@ENDMSG 2221 @!@!@
@!@!@STARTMSG 2221:0 @!@!@
  |||||line 201, col 10 to line 201, col 14 of module raftModelPerf_JabinTasnimKhanURMY_0245503730: 6213
@!@!@ENDMSG 2221 @!@!@
@!@!@STARTMSG 2221:0 @!@!@
  |||||line 202, col 10 to line 202, col 40 of module raftModelPerf_JabinTasnimKhanURMY_0245503730: 24
@!@!@ENDMSG 2221 @!@!@
@!@!@STARTMSG 2221:0 @!@!@
  ||||line 758, col 36 to line 758, col 36 of module raftModelPerf_JabinTasnimKhanURMY_0245503730: 6237
@!@!@ENDMSG 2221 @!@!@
@!@!@STARTMSG 2221:0 @!@!@
  |||line 758, col 39 to line 758, col 50 of module raftModelPerf_JabinTasnimKhanURMY_0245503730: 6237
@!@!@ENDMSG 2221 @!@!@
@!@!@STARTMSG 2221:0 @!@!@
  ||||line 200, col 5 to line 202, col 40 of module raftModelPerf_JabinTasnimKhanURMY_0245503730: 6237
@!@!@ENDMSG 2221 @!@!@
@!@!@STARTMSG 2221:0 @!@!@
  |||||line 200, col 8 to line 200, col 25 of module raftModelPerf_JabinTasnimKhanURMY_0245503730: 6237
@!@!@ENDMSG 2221 @!@!@
@!@!@STARTMSG 2221:0 @!@!@
  |||||line 201, col 10 to line 201, col 14 of module raftModelPerf_JabinTasnimKhanURMY_0245503730: 6213
@!@!@ENDMSG 2221 @!@!@
@!@!@STARTMSG 2221:0 @!@!@
  |||||line 202, col 10 to line 202, col 40 of module raftModelPerf_JabinTasnimKhanURMY_0245503730: 24
@!@!@ENDMSG 2221 @!@!@
@!@!@STARTMSG 2221:0 @!@!@
  ||||line 758, col 49 to line 758, col 49 of module raftModelPerf_JabinTasnimKhanURMY_0245503730: 6237
@!@!@ENDMSG 2221 @!@!@
@!@!@STARTMSG 2221:0 @!@!@
  ||line 759, col 12 to line 759, col 51 of module raftModelPerf_JabinTasnimKhanURMY_0245503730: 16
@!@!@ENDMSG 2221 @!@!@
@!@!@STARTMSG 2221:0 @!@!@
  |line 757, col 17 to line 757, col 23 of module raftModelPerf_JabinTasnimKhanURMY_0245503730: 693
@!@!@ENDMSG 2221 @!@!@
@!@!@STARTMSG 2774:0 @!@!@
<LeaderCommitted line 806, col 1 to line 806, col 15 of module raftModelPerf_JabinTasnimKhanURMY_0245503730>
@!@!@ENDMSG 2774 @!@!@
@!@!@STARTMSG 2221:0 @!@!@
  line 807, col 5 to line 807, col 42 of module raftModelPerf_JabinTasnimKhanURMY_0245503730: 693
@!@!@ENDMSG 2221 @!@!@
@!@!@STARTMSG 2221:0 @!@!@
  |line 807, col 24 to line 807, col 42 of module raftModelPerf_JabinTasnimKhanURMY_0245503730: 701
@!@!@ENDMSG 2221 @!@!@
@!@!@STARTMSG 2221:0 @!@!@
  |line 807, col 14 to line 807, col 20 of module raftModelPerf_JabinTasnimKhanURMY_0245503730: 693
@!@!@ENDMSG 2221 @!@!@
@!@!@STARTMSG 2774:0 @!@!@
<MaxCInv line 772, col 1 to line 772, col 7 of module raftModelPerf_JabinTasnimKhanURMY_0245503730>
@!@!@ENDMSG 2774 @!@!@
@!@!@STARTMSG 2221:0 @!@!@
  line 772, col 12 to line 772, col 77 of module raftModelPerf_JabinTasnimKhanURMY_0245503730: 693
@!@!@ENDMSG 2221 @!@!@
@!@!@STARTMSG 2221:0 @!@!@
  |line 772, col 13 to line 772, col 47 of module raftModelPerf_JabinTasnimKhanURMY_0245503730: 693
@!@!@ENDMSG 2221 @!@!@
@!@!@STARTMSG 2221:0 @!@!@
  ||line 772, col 31 to line 772, col 47 of module raftModelPerf_JabinTasnimKhanURMY_0245503730: 2079
@!@!@ENDMSG 2221 @!@!@
@!@!@STARTMSG 2221:0 @!@!@
  ||line 772, col 22 to line 772, col 27 of module raftModelPerf_JabinTasnimKhanURMY_0245503730: 693
@!@!@ENDMSG 2221 @!@!@
@!@!@STARTMSG 2221:0 @!@!@
  |line 772, col 53 to line 772, col 77 of module raftModelPerf_JabinTasnimKhanURMY_0245503730: 693
@!@!@ENDMSG 2221 @!@!@
@!@!@STARTMSG 2774:0 @!@!@
<inv_1748203768850172000 line 29, col 1 to line 29, col 23 of module MC>
@!@!@ENDMSG 2774 @!@!@
@!@!@STARTMSG 2221:0 @!@!@
  line 30, col 2 to line 30, col 15 of module MC: 693
@!@!@ENDMSG 2221 @!@!@
@!@!@STARTMSG 2774:0 @!@!@
<MaxTermInv line 778, col 1 to line 778, col 10 of module raftModelPerf_JabinTasnimKhanURMY_0245503730>
@!@!@ENDMSG 2774 @!@!@
@!@!@STARTMSG 2221:0 @!@!@
  line 778, col 15 to line 778, col 57 of module raftModelPerf_JabinTasnimKhanURMY_0245503730: 693
@!@!@ENDMSG 2221 @!@!@
@!@!@STARTMSG 2221:0 @!@!@
  |line 778, col 33 to line 778, col 57 of module raftModelPerf_JabinTasnimKhanURMY_0245503730: 3465
@!@!@ENDMSG 2221 @!@!@
@!@!@STARTMSG 2221:0 @!@!@
  |line 778, col 24 to line 778, col 29 of module raftModelPerf_JabinTasnimKhanURMY_0245503730: 693
@!@!@ENDMSG 2221 @!@!@
@!@!@STARTMSG 2774:0 @!@!@
<EntryCommitMessageCountInv line 785, col 1 to line 785, col 26 of module raftModelPerf_JabinTasnimKhanURMY_0245503730>
@!@!@ENDMSG 2774 @!@!@
@!@!@STARTMSG 2221:0 @!@!@
  line 787, col 36 to line 787, col 61 of module raftModelPerf_JabinTasnimKhanURMY_0245503730: 8
@!@!@ENDMSG 2221 @!@!@
@!@!@STARTMSG 2221:0 @!@!@
  line 788, col 8 to line 793, col 20 of module raftModelPerf_JabinTasnimKhanURMY_0245503730: 693
@!@!@ENDMSG 2221 @!@!@
@!@!@STARTMSG 2221:0 @!@!@
  |line 789, col 22 to line 789, col 42 of module raftModelPerf_JabinTasnimKhanURMY_0245503730: 779
@!@!@ENDMSG 2221 @!@!@
@!@!@STARTMSG 2221:0 @!@!@
  |line 790, col 12 to line 793, col 20 of module raftModelPerf_JabinTasnimKhanURMY_0245503730: 779
@!@!@ENDMSG 2221 @!@!@
@!@!@STARTMSG 2221:0 @!@!@
  ||line 790, col 15 to line 790, col 29 of module raftModelPerf_JabinTasnimKhanURMY_0245503730: 779
@!@!@ENDMSG 2221 @!@!@
@!@!@STARTMSG 2221:0 @!@!@
  ||line 791, col 17 to line 792, col 96 of module raftModelPerf_JabinTasnimKhanURMY_0245503730: 8
@!@!@ENDMSG 2221 @!@!@
@!@!@STARTMSG 2221:0 @!@!@
  ||line 793, col 17 to line 793, col 20 of module raftModelPerf_JabinTasnimKhanURMY_0245503730: 771
@!@!@ENDMSG 2221 @!@!@
@!@!@STARTMSG 2221:0 @!@!@
  |line 788, col 19 to line 788, col 41 of module raftModelPerf_JabinTasnimKhanURMY_0245503730: 693
@!@!@ENDMSG 2221 @!@!@
@!@!@STARTMSG 2202:0 @!@!@
End of statistics.
@!@!@ENDMSG 2202 @!@!@
@!@!@STARTMSG 2200:0 @!@!@
Progress(13) at 2025-05-25 22:09:30: 2,635 states generated (109,034 s/min), 693 distinct states found (28,675 ds/min), 139 states left on queue.
@!@!@ENDMSG 2200 @!@!@
@!@!@STARTMSG 2199:0 @!@!@
2635 states generated, 693 distinct states found, 139 states left on queue.
@!@!@ENDMSG 2199 @!@!@
@!@!@STARTMSG 2194:0 @!@!@
The depth of the complete state graph search is 13.
@!@!@ENDMSG 2194 @!@!@
@!@!@STARTMSG 2268:0 @!@!@
The average outdegree of the complete state graph is 1 (minimum is 0, the maximum 6 and the 95th percentile is 3).
@!@!@ENDMSG 2268 @!@!@
@!@!@STARTMSG 2186:0 @!@!@
Finished in 1460ms at (2025-05-25 22:09:30)
@!@!@ENDMSG 2186 @!@!@
